Id,Tweet Time,Url,Tweet Text,Likes Count,Reply Count,Retweet Count,Retweeted Tweet,User Id,User Name,User Location,User Follower Count,User Following Count,User Likes Count,User Tweets Count
1586537305249939457,2022-10-30 01:55:44+00:00,https://twitter.com/CatatanAli07/status/1586537305249939457,Teruslah Membusuk ğŸ¥³ğŸ¥³ https://t.co/x22eypVSlw,0,0,1,,1492190828499902466,CatatanAli07,,2697,1559,226,4473
1583400727778852867,2022-10-21 10:12:06+00:00,https://twitter.com/CatatanAli07/status/1583400727778852867,"Kok seperti ini cara mempromosikan ANIES ğŸ˜«

Bingung kan buntu kan Kan Kebiasaan HANYA BISA MEMUJI TANPA BERANI MENGKRITISI

jadi bingung Mempromosikan nya saat ANIES sudah tidak jadi gubernur

Branding anak sederhana 
Branding kediaman sederhana
Surat untuk PS gak jelas jugağŸ¤¦â€â™€ï¸ğŸ¤¦â€â™€ï¸ https://t.co/g6lw6QNEzm",1,0,1,,1492190828499902466,CatatanAli07,,2697,1559,226,4473
1576706514840326144,2022-10-02 22:51:41+00:00,https://twitter.com/CatatanAli07/status/1576706514840326144,KONTOL !!! https://t.co/2JMHIW05Sj,2,0,3,,1492190828499902466,CatatanAli07,,2697,1559,226,4473
1574365780224794624,2022-09-26 11:50:26+00:00,https://twitter.com/CatatanAli07/status/1574365780224794624,"Jika PEMERINTAH ingin memberantas PERJUDIAN berantas dulu yang ada disosial media seperti ini contoh nya terang terangan mempromosikan JUDI SLOT ğŸ¤¦â€â™€ï¸ğŸ‘‡

@CCICPolri @DivHumas_Polri @DJPPIKominfo https://t.co/7eroKH4HaP",5,5,3,,1492190828499902466,CatatanAli07,,2697,1559,226,4473
1546825616338857985,2022-07-12 11:55:40+00:00,https://twitter.com/CatatanAli07/status/1546825616338857985,Mulai nakal ko bodatğŸ¤£ğŸ˜‚ https://t.co/1iOWaPV1bF,2,3,0,,1492190828499902466,CatatanAli07,,2697,1559,226,4473
1545836847682945024,2022-07-09 18:26:39+00:00,https://twitter.com/CatatanAli07/status/1545836847682945024,ğŸ¤—,0,0,0,,1492190828499902466,CatatanAli07,,2697,1559,226,4473
1545734677410893824,2022-07-09 11:40:40+00:00,https://twitter.com/CatatanAli07/status/1545734677410893824,Dulu pernah dapat GA PARFUM udah 2 Tahun gak dikirim kirim ğŸ˜‚ https://t.co/kwTuVJgrA7,0,0,0,,1492190828499902466,CatatanAli07,,2697,1559,226,4473
1545609653739958272,2022-07-09 03:23:52+00:00,https://twitter.com/CatatanAli07/status/1545609653739958272,Kan itu nama ko setan ğŸ™„ https://t.co/gI4q8JOfgc,0,0,0,,1492190828499902466,CatatanAli07,,2697,1559,226,4473
1545095407713280002,2022-07-07 17:20:26+00:00,https://twitter.com/CatatanAli07/status/1545095407713280002,"Abu janda Denny Siregar Itu ASET REZIM mustahil ditangkap apalagi sampai dipenjara 

Puluhan Laporan untuk mereka Mental semua mustahil kalau tidak ada backup bisa lolos terus dari Jeratan Hukum...

#PolriTakutAbuJanda",7,1,6,,1492190828499902466,CatatanAli07,,2697,1559,226,4473
1544972470871961600,2022-07-07 09:11:55+00:00,https://twitter.com/CatatanAli07/status/1544972470871961600,GA ? Gus Ali ğŸ˜‚ https://t.co/cOvdzFrgb0,0,0,0,,1492190828499902466,CatatanAli07,,2697,1559,226,4473
1544923373930565632,2022-07-07 05:56:50+00:00,https://twitter.com/CatatanAli07/status/1544923373930565632,#PolriTakutAbuJanda https://t.co/wfS249bdHn,5,0,1,,1492190828499902466,CatatanAli07,,2697,1559,226,4473
1544887785064054784,2022-07-07 03:35:25+00:00,https://twitter.com/CatatanAli07/status/1544887785064054784,Kalau ini gimana QUT apakah perlu juga dicabut izin nya ? https://t.co/SFjjL1zOOa https://t.co/DWsQpZzzk7,1,0,0,,1492190828499902466,CatatanAli07,,2697,1559,226,4473
1544887069343789057,2022-07-07 03:32:34+00:00,https://twitter.com/CatatanAli07/status/1544887069343789057,"Masih caper ?

Abaikan Li jangan terpancing Mereka bukan kelas lo ğŸ˜‚ 

kelas mereka Admin LAMBE TURAH ğŸ˜‚",0,0,3,,1492190828499902466,CatatanAli07,,2697,1559,226,4473
1544718278441897985,2022-07-06 16:21:51+00:00,https://twitter.com/CatatanAli07/status/1544718278441897985,"Cocok kali kutengok Belakangnya sama sama IN ( @BarBaro5_ )

Nadin                         saefUDIN https://t.co/d8FBhjsrdF",10,10,1,,1492190828499902466,CatatanAli07,,2697,1559,226,4473
1544717562877202433,2022-07-06 16:19:01+00:00,https://twitter.com/CatatanAli07/status/1544717562877202433,Nadin - Udin cocok kalipun kutengokğŸ˜‚ https://t.co/eWuJaXYu84,2,0,1,,1492190828499902466,CatatanAli07,,2697,1559,226,4473
1544347566342410246,2022-07-05 15:48:47+00:00,https://twitter.com/CatatanAli07/status/1544347566342410246,https://t.co/tl2JzJaHw6 https://t.co/Htvxmtr1MY,1,0,0,,1492190828499902466,CatatanAli07,,2697,1559,226,4473
1544295951417806854,2022-07-05 12:23:41+00:00,https://twitter.com/CatatanAli07/status/1544295951417806854,"Beristri ber anak masih modus sana sini jd ingat KASUS yg pernah gua tanganin KASUS nya hampir sama cuma beda Cara mengeksekusi korban aja tapi poin sama yaitu INCAR HARTA KORBAN

ISTRI Sah dirumah masakin suami ANAK dirumah nungguin AYAH nya Eh AYAH nya lagi sama SelingkuhanğŸ¤¦â€â™€ï¸",33,9,6,,1492190828499902466,CatatanAli07,,2697,1559,226,4473
1543877109021839361,2022-07-04 08:39:21+00:00,https://twitter.com/CatatanAli07/status/1543877109021839361,Ini ko @TheEagle_BEN ? Jan lah ko rusuh dijogja kutempeleng juga ko nanti https://t.co/ShiQ822jRk,5,3,0,,1492190828499902466,CatatanAli07,,2697,1559,226,4473
1543198090680619008,2022-07-02 11:41:10+00:00,https://twitter.com/CatatanAli07/status/1543198090680619008,Bah Ngeri kali Gak kuat aku bayangin nya ğŸ˜‚ğŸ¤¦â€â™€ï¸ https://t.co/ay3Sv911s6,0,0,0,,1492190828499902466,CatatanAli07,,2697,1559,226,4473
1543190381034360834,2022-07-02 11:10:32+00:00,https://twitter.com/CatatanAli07/status/1543190381034360834,And before until God tells me to quit I willÂ keep going ğŸ‘Š,1,1,0,,1492190828499902466,CatatanAli07,,2697,1559,226,4473
1542555798756241408,2022-06-30 17:08:56+00:00,https://twitter.com/CatatanAli07/status/1542555798756241408,Assalamualaikum JULI semoga jauh Lebih Baik dari JUNI dalam semua Hal Aamiin ğŸ™,1,1,0,,1492190828499902466,CatatanAli07,,2697,1559,226,4473
1542495103456989184,2022-06-30 13:07:45+00:00,https://twitter.com/CatatanAli07/status/1542495103456989184,"Habis "" NGAJI BARENG "" tapi beda lokasi ğŸ˜‚ Semoga Tahun depan Sudah bisa Bersama Aamiin ğŸ¤—",2,3,0,,1492190828499902466,CatatanAli07,,2697,1559,226,4473
1542407735077400576,2022-06-30 07:20:35+00:00,https://twitter.com/CatatanAli07/status/1542407735077400576,Nitip sendal https://t.co/hWJmODCtH6 https://t.co/oQJCb1m8x9,2,0,1,,1492190828499902466,CatatanAli07,,2697,1559,226,4473
1542163892113027077,2022-06-29 15:11:38+00:00,https://twitter.com/CatatanAli07/status/1542163892113027077,"BIKIN MALU LO @persikfckediri GA BISA BEDAIN FUN FOOTBALL SAMA LAGA RESMI...

KEK PALING BAGUS AJA MAIN NYA!!!!! https://t.co/4d6RpQ4kjh",2,0,3,,1492190828499902466,CatatanAli07,,2697,1559,226,4473
1542003353546215426,2022-06-29 04:33:43+00:00,https://twitter.com/CatatanAli07/status/1542003353546215426,"CUITAN ROHANI
KELAKUAN ROHALUS https://t.co/MVHcSm9Xwx",0,0,1,,1492190828499902466,CatatanAli07,,2697,1559,226,4473
1541968642451329026,2022-06-29 02:15:47+00:00,https://twitter.com/CatatanAli07/status/1541968642451329026,"Titip sendal YGY

Mau gawe dulu ğŸ™„ğŸ‘ https://t.co/3uN69b4IMV",4,2,0,,1492190828499902466,CatatanAli07,,2697,1559,226,4473
1541963424896233473,2022-06-29 01:55:03+00:00,https://twitter.com/CatatanAli07/status/1541963424896233473,ESEMKA GTR https://t.co/B1WoBcxKsB,0,0,0,,1492190828499902466,CatatanAli07,,2697,1559,226,4473
1541942410523074561,2022-06-29 00:31:33+00:00,https://twitter.com/CatatanAli07/status/1541942410523074561,"Lucu nya Negeri ku.....

Belum lagi yang berada dipedalaman pasti alami yang namanya susah signal terus kalau gak dapat signal mereka tidak isi bensin ?

Atau harus TETRING HP Operator Pom Bensin nya untuk dapat signal ?

RUWET!!! TEROBOSAN MANUSIA MANUSIA PUTUS ASA!! https://t.co/emG3nKoOWw",10,1,6,,1492190828499902466,CatatanAli07,,2697,1559,226,4473
1541750859540811776,2022-06-28 11:50:23+00:00,https://twitter.com/CatatanAli07/status/1541750859540811776,Nitip sendal ğŸ™„ğŸ‘ https://t.co/edJ930WH79,0,0,0,,1492190828499902466,CatatanAli07,,2697,1559,226,4473
1541723747144826880,2022-06-28 10:02:39+00:00,https://twitter.com/CatatanAli07/status/1541723747144826880,"DIIIIIIIIDDDDAAAAAA 

ğŸ™„ğŸ‘ https://t.co/f1gkeu4lFl",10,8,3,,1492190828499902466,CatatanAli07,,2697,1559,226,4473
1541674804184764416,2022-06-28 06:48:10+00:00,https://twitter.com/CatatanAli07/status/1541674804184764416,"Itu duit semua ?? ğŸ˜¯

#TitipSendal https://t.co/1o7YLZm4vI",0,1,0,,1492190828499902466,CatatanAli07,,2697,1559,226,4473
1541623268805083136,2022-06-28 03:23:23+00:00,https://twitter.com/CatatanAli07/status/1541623268805083136,Gelar Tiker ğŸ™„ğŸ‘ https://t.co/7nQK4YVAp0,12,2,3,,1492190828499902466,CatatanAli07,,2697,1559,226,4473
1541107615253823488,2022-06-26 17:14:22+00:00,https://twitter.com/CatatanAli07/status/1541107615253823488,Tanda tanda Indonesia akan segera merdeka kah ? https://t.co/5Ak2gASL0X,20,3,4,,1492190828499902466,CatatanAli07,,2697,1559,226,4473
1540921930126987264,2022-06-26 04:56:31+00:00,https://twitter.com/CatatanAli07/status/1540921930126987264,"Yang nama nya MUHAMMAD atau MUHAMAD itu belum berarti nabi tapi Nama Muhammad Atau Muhamad itu terinspirasi dari Nama BAGINDA NABI BESAR MUHAMMAD 

Jadi Rasanya Tidak pantas tidak Elok Nama MUHAMMAD dijadikan objek satir objek olok olokan dll

INGIN BERBEDA BOLEH BODOH JANGAN!!!! https://t.co/bzMytlicyY",10,0,9,,1492190828499902466,CatatanAli07,,2697,1559,226,4473
1540921007199834113,2022-06-26 04:52:51+00:00,https://twitter.com/CatatanAli07/status/1540921007199834113,"Yang nama nya MUHAMMAD MUHAMAD itu belum berarti nabi tapi Nama Muhammad Atau Muhammad itu terinspirasi dari Nama BAGINDA NABI BESAR MUHAMMAD 

Jadi Rasanya Tidak pantas tidak Elok Nama MUHAMMAD dijadikan objek satir objel olok olokan dll

INGIN BERBEDA BOLEH BODOH JANGAN",31,3,6,,1492190828499902466,CatatanAli07,,2697,1559,226,4473
1540735254238879745,2022-06-25 16:34:44+00:00,https://twitter.com/CatatanAli07/status/1540735254238879745,KADRUN https://t.co/INUw0qeQsJ,1,0,1,,1492190828499902466,CatatanAli07,,2697,1559,226,4473
1540686379289432064,2022-06-25 13:20:32+00:00,https://twitter.com/CatatanAli07/status/1540686379289432064,Mirip ramalan Gua saat Pilihan walikota solo waktu itu ğŸ˜‚ https://t.co/AoVjELvJKI https://t.co/MCGXBJKMlZ,2,0,4,,1492190828499902466,CatatanAli07,,2697,1559,226,4473
1540641990609469440,2022-06-25 10:24:08+00:00,https://twitter.com/CatatanAli07/status/1540641990609469440,"Tutup Tutup Holywings tutup Holywings Sekarang Juga ğŸ‘ŠğŸ‘Š

#TutupHolywingsIndonesia 
#TutupHolywingsIndonesia https://t.co/0u8jy50k8A",723,29,212,,1492190828499902466,CatatanAli07,,2697,1559,226,4473
1540353165823860743,2022-06-24 15:16:27+00:00,https://twitter.com/CatatanAli07/status/1540353165823860743,Wait and see,0,1,0,,1492190828499902466,CatatanAli07,,2697,1559,226,4473
1540342563281833985,2022-06-24 14:34:19+00:00,https://twitter.com/CatatanAli07/status/1540342563281833985,"Good relationships don't just happen. They take time, patience &amp;  two people who truly want to be together 

Bismillah ğŸ¤—ğŸ’™",5,2,2,,1492190828499902466,CatatanAli07,,2697,1559,226,4473
1539972717595635714,2022-06-23 14:04:41+00:00,https://twitter.com/CatatanAli07/status/1539972717595635714,https://t.co/lrmHwvqQ6C https://t.co/jux2C4nVaZ,2,0,1,,1492190828499902466,CatatanAli07,,2697,1559,226,4473
1539966928336277506,2022-06-23 13:41:41+00:00,https://twitter.com/CatatanAli07/status/1539966928336277506,Seng meh milih koe ki sopo cak cak ğŸ˜‚ğŸ¤£ https://t.co/OuPaBgZCzW,0,0,0,,1492190828499902466,CatatanAli07,,2697,1559,226,4473
1539908410208305152,2022-06-23 09:49:09+00:00,https://twitter.com/CatatanAli07/status/1539908410208305152,MEMALUKAN!! https://t.co/ac5vT6zTqr,1,0,0,,1492190828499902466,CatatanAli07,,2697,1559,226,4473
1539890803803164674,2022-06-23 08:39:12+00:00,https://twitter.com/CatatanAli07/status/1539890803803164674,Alhamdulillah Untuk Hari Ini semoga Berkah dan dapat memberikan manfaat,4,1,0,,1492190828499902466,CatatanAli07,,2697,1559,226,4473
1539846133086027776,2022-06-23 05:41:41+00:00,https://twitter.com/CatatanAli07/status/1539846133086027776,"Pdip
Mega Vs Jokowi

Pkb
Imin vs Yenny

Jangan dipisahin antepin aja ğŸ¤£ğŸ˜‚",0,0,0,,1492190828499902466,CatatanAli07,,2697,1559,226,4473
1539825424976719872,2022-06-23 04:19:24+00:00,https://twitter.com/CatatanAli07/status/1539825424976719872,GUSDURIAN yakin masih mau pilih ini orang jika NYAPRES nanti ??? https://t.co/LQ6vXmpxWV,2,1,2,,1492190828499902466,CatatanAli07,,2697,1559,226,4473
1539579115795525632,2022-06-22 12:00:39+00:00,https://twitter.com/CatatanAli07/status/1539579115795525632,PEKAES https://t.co/Ql0zL5MxYF,7,2,1,,1492190828499902466,CatatanAli07,,2697,1559,226,4473
1539426983255285762,2022-06-22 01:56:08+00:00,https://twitter.com/CatatanAli07/status/1539426983255285762,Nomer 1 nya Al mukarom ABU JANDA https://t.co/6B70cWhPfi,0,0,0,,1492190828499902466,CatatanAli07,,2697,1559,226,4473
1539287053648613376,2022-06-21 16:40:06+00:00,https://twitter.com/CatatanAli07/status/1539287053648613376,"Bismika allahumma ahyaa wa bismika amuut

Selamat malam selamat istirahat semua nya ğŸ™",2,0,1,,1492190828499902466,CatatanAli07,,2697,1559,226,4473
1539247802152361986,2022-06-21 14:04:08+00:00,https://twitter.com/CatatanAli07/status/1539247802152361986,"Size nya gak ada min ğŸ™„

Ada info store yang ready size XL atau XXL gak untuk wilayah Yogya dan sekitarnya @eigeradventure https://t.co/7ITFLRrKoL",0,1,0,,1492190828499902466,CatatanAli07,,2697,1559,226,4473
1539226370865528832,2022-06-21 12:38:58+00:00,https://twitter.com/CatatanAli07/status/1539226370865528832,"Semoga dia yang jauh disana baik baik saja selalu dalam Lindungan Allah Swt

Yes, it's hard not being together physically, you cannot kiss and hug each other but, still you know that one day you will Always Together 

I Believe ğŸ¤—ğŸ’™ https://t.co/stsONCIgaq",0,0,0,,1492190828499902466,CatatanAli07,,2697,1559,226,4473
1538897514258382857,2022-06-20 14:52:13+00:00,https://twitter.com/CatatanAli07/status/1538897514258382857,Masalah ini ustadz  gak jauh dari duit perasaan https://t.co/A0MgLOMPBR,2,1,0,,1492190828499902466,CatatanAli07,,2697,1559,226,4473
1538498540150091778,2022-06-19 12:26:50+00:00,https://twitter.com/CatatanAli07/status/1538498540150091778,"Benahi dulu wasit nya kadang malu kedatangan pemain yang main dieropa melihat kualitas wasit diindonesia selaly konsisten dengan KEBODOHAN nya

Nanti offside jadi onside dan sebaliknya https://t.co/Jpm2xcgtFQ",1,0,1,,1492190828499902466,CatatanAli07,,2697,1559,226,4473
1538441867666153472,2022-06-19 08:41:38+00:00,https://twitter.com/CatatanAli07/status/1538441867666153472,Klaten solo Jogja klaten Alhamdulillah Terang,0,0,0,,1492190828499902466,CatatanAli07,,2697,1559,226,4473
1537769243889938433,2022-06-17 12:08:52+00:00,https://twitter.com/CatatanAli07/status/1537769243889938433,"Ingat selalu hati kita satu
Meski jauh kau ada di hatiku
Nikmatilah sabda rindu
Sabda rindu yang melagu ğŸ¤—ğŸ’™ https://t.co/zFNujsGF2l",3,0,2,,1492190828499902466,CatatanAli07,,2697,1559,226,4473
1537461516173070336,2022-06-16 15:46:04+00:00,https://twitter.com/CatatanAli07/status/1537461516173070336,Keren banget itu mulai coretan nya dari mana ya ğŸ¤¦â€â™€ï¸ https://t.co/UYAfL0AgP1,3,0,0,,1492190828499902466,CatatanAli07,,2697,1559,226,4473
1537417567794794496,2022-06-16 12:51:26+00:00,https://twitter.com/CatatanAli07/status/1537417567794794496,Rindu ? Ditahan dulu ya ada saat nya nanti bertemu saling menatap dan menyatu ğŸ¤—ğŸ˜˜,2,0,1,,1492190828499902466,CatatanAli07,,2697,1559,226,4473
1537260063152144386,2022-06-16 02:25:34+00:00,https://twitter.com/CatatanAli07/status/1537260063152144386,"When I'm with you, hours feel like seconds. But when we're apart days feel like years

Miss you and Get well soon dear ğŸ¤—ğŸ’™",0,1,1,,1492190828499902466,CatatanAli07,,2697,1559,226,4473
1537120079065673729,2022-06-15 17:09:19+00:00,https://twitter.com/CatatanAli07/status/1537120079065673729,Sama Lonte Negara kek gak ada harga diri nya ğŸ¤£ğŸ˜‚,4,0,1,,1492190828499902466,CatatanAli07,,2697,1559,226,4473
1536375776525766657,2022-06-13 15:51:44+00:00,https://twitter.com/CatatanAli07/status/1536375776525766657,GOBLOKğŸ¤¦â€â™€ï¸ https://t.co/wlpTpE3NVf,1,0,0,,1492190828499902466,CatatanAli07,,2697,1559,226,4473
1535960934795030528,2022-06-12 12:23:18+00:00,https://twitter.com/CatatanAli07/status/1535960934795030528,"Come on Blues 

#PERSIBDAY",0,0,2,,1492190828499902466,CatatanAli07,,2697,1559,226,4473
1535861686598393857,2022-06-12 05:48:55+00:00,https://twitter.com/CatatanAli07/status/1535861686598393857,"Engkau jauh dimata Tapi dekat didoa 
ğŸ¤—ğŸ’™ https://t.co/bnCtgYvKpG",3,0,1,,1492190828499902466,CatatanAli07,,2697,1559,226,4473
1535667406126714880,2022-06-11 16:56:55+00:00,https://twitter.com/CatatanAli07/status/1535667406126714880,SARKEM https://t.co/Fnp6HeEQci,2,1,0,,1492190828499902466,CatatanAli07,,2697,1559,226,4473
1535645922071220224,2022-06-11 15:31:33+00:00,https://twitter.com/CatatanAli07/status/1535645922071220224,"STRIKER MUSIMAN ğŸ˜‚

MU cerdas tidak tertarik https://t.co/4FNQoefzoa",0,0,0,,1492190828499902466,CatatanAli07,,2697,1559,226,4473
1535596143408648192,2022-06-11 12:13:45+00:00,https://twitter.com/CatatanAli07/status/1535596143408648192,BABI NYA NGAMUK ??? https://t.co/JfXkui5tYj,500,39,79,,1492190828499902466,CatatanAli07,,2697,1559,226,4473
1535589393968156673,2022-06-11 11:46:56+00:00,https://twitter.com/CatatanAli07/status/1535589393968156673,"Dan kau tanyakan aku
Sedang apa kamu di sana
Dan kujawab ke kamu
Aku sedang mikirin kamu
Sedang mikirin kamu ğŸ¤—ğŸ’™ https://t.co/OH7U9XxEYj",4,0,2,,1492190828499902466,CatatanAli07,,2697,1559,226,4473
1535581179939762177,2022-06-11 11:14:17+00:00,https://twitter.com/CatatanAli07/status/1535581179939762177,"I did three things today miss you, miss you, and miss you more ğŸ’™ğŸ’™",3,0,1,,1492190828499902466,CatatanAli07,,2697,1559,226,4473
1535447662266224640,2022-06-11 02:23:44+00:00,https://twitter.com/CatatanAli07/status/1535447662266224640,Get better and get back to your amazing self soon dear ğŸ¤—ğŸ’œ,3,0,0,,1492190828499902466,CatatanAli07,,2697,1559,226,4473
1535300049353076736,2022-06-10 16:37:10+00:00,https://twitter.com/CatatanAli07/status/1535300049353076736,"Yang masih melek yok Sundul lagi 

ğŸ‘‡ğŸ‘‡
#IndiaIslamopobhia 
#IndiaIslamopobhia",5,4,4,,1492190828499902466,CatatanAli07,,2697,1559,226,4473
1535279525176627200,2022-06-10 15:15:37+00:00,https://twitter.com/CatatanAli07/status/1535279525176627200,"I Will Always Missing You. When You Are Far Away, that Simple Way I can do is Pray For You ğŸ’™ 

Get well soon dear ğŸ˜ŒğŸ¤— https://t.co/Xg1egbnmY5",5,0,2,,1492190828499902466,CatatanAli07,,2697,1559,226,4473
1535275868481761280,2022-06-10 15:01:05+00:00,https://twitter.com/CatatanAli07/status/1535275868481761280,Tuhan Jaga Dia Untuk ku ....,1,1,1,,1492190828499902466,CatatanAli07,,2697,1559,226,4473
1535251333116096513,2022-06-10 13:23:36+00:00,https://twitter.com/CatatanAli07/status/1535251333116096513,Merinding dan Malu liat SEKJEND PKS Hormat Ke Luhut ğŸ˜‚ğŸ¤¦â€â™€ï¸ https://t.co/EoTuZ5bjiN,18,7,7,,1492190828499902466,CatatanAli07,,2697,1559,226,4473
1535248806576414720,2022-06-10 13:13:33+00:00,https://twitter.com/CatatanAli07/status/1535248806576414720,"Hanya manusia yang merasa terhina

#IndiaIslamophobia https://t.co/URknxnRF9u",3,1,1,,1492190828499902466,CatatanAli07,,2697,1559,226,4473
1535239177331044353,2022-06-10 12:35:17+00:00,https://twitter.com/CatatanAli07/status/1535239177331044353,"INDIA ISLAMOPOBHIA ??

SETUJU RT KERAS 

Sambil naikin tagar ğŸ‘‡
#IndiaIslamopobhia  
#IndiaIslamopobhia https://t.co/on37ticNj4",13,2,10,,1492190828499902466,CatatanAli07,,2697,1559,226,4473
1535237798717927424,2022-06-10 12:29:49+00:00,https://twitter.com/CatatanAli07/status/1535237798717927424,"Ada tagar keren neh gaes naekin yok

#IndiaIslamopobhia 
#IndiaIslamopobhia https://t.co/hZ7aS67pFj",16,1,13,,1492190828499902466,CatatanAli07,,2697,1559,226,4473
1534909469208940544,2022-06-09 14:45:09+00:00,https://twitter.com/CatatanAli07/status/1534909469208940544,Rindu aku Rindu kamu jadi satu ğŸ’œ https://t.co/7q76jsbqRE,7,2,3,,1492190828499902466,CatatanAli07,,2697,1559,226,4473
1533852251730497536,2022-06-06 16:44:09+00:00,https://twitter.com/CatatanAli07/status/1533852251730497536,"baru beberapa bulan kemarin di phpin kalau dibilang rugi secara langsung sih enggak Tapi duit tertahan krn banyak barang yg sudah di keep tidak jelas status setiap ditanya kapan dikirim selalu saja ada alasan 

sudah malas tanya dan barang yg dikeep Langsung kujual keyang lain https://t.co/B4O9Z4MJZX",4,1,5,,1492190828499902466,CatatanAli07,,2697,1559,226,4473
1532688625367887872,2022-06-03 11:40:18+00:00,https://twitter.com/CatatanAli07/status/1532688625367887872,Kok nunggu diundang ? Bukan nya itu JOBDESK MENTERI PARIWISATA ? https://t.co/wpnG4emGbd,8,4,7,,1492190828499902466,CatatanAli07,,2697,1559,226,4473
1532525396297940993,2022-06-03 00:51:42+00:00,https://twitter.com/CatatanAli07/status/1532525396297940993,"Jaka sembung bawa Golok
Gak nyambung GOBLOK https://t.co/ZOeq0OO8Oz",4,0,2,,1492190828499902466,CatatanAli07,,2697,1559,226,4473
1532288997161984000,2022-06-02 09:12:20+00:00,https://twitter.com/CatatanAli07/status/1532288997161984000,Formula Esemka https://t.co/Mp5EUOL0cz,13,1,2,,1492190828499902466,CatatanAli07,,2697,1559,226,4473
1532286375227105280,2022-06-02 09:01:55+00:00,https://twitter.com/CatatanAli07/status/1532286375227105280,I think You will more impressed when you see ESEMKA MUSCLE CAR https://t.co/KrAb1Yg2Qh,3,0,3,,1492190828499902466,CatatanAli07,,2697,1559,226,4473
1531586749620551680,2022-05-31 10:41:51+00:00,https://twitter.com/CatatanAli07/status/1531586749620551680,Kanya kalau MAU NIKAH LAGI Izin ama yang TUA ğŸ™„ https://t.co/xoZygF0aGd,4,1,2,,1492190828499902466,CatatanAli07,,2697,1559,226,4473
1531462609643327488,2022-05-31 02:28:33+00:00,https://twitter.com/CatatanAli07/status/1531462609643327488,"SOMBONG AMAT ğŸ˜‚ğŸ¤¦â€â™€ï¸

Bukan kader Partai tapi mau diusung kalau capres 

Ini ada Wacana lagi dari relawan gak mau pakai partai atau nyapres lewat partai

Yassalam Relawan relawan Anies kok 11 12 kek TEMAN AHOK dan PROJO kualitasnya ğŸ™„ğŸ¤¦â€â™€ï¸ https://t.co/n4sYj2583d",7,1,3,,1492190828499902466,CatatanAli07,,2697,1559,226,4473
1530230676770828288,2022-05-27 16:53:18+00:00,https://twitter.com/CatatanAli07/status/1530230676770828288,ğŸ˜ªğŸ˜Œ https://t.co/vMoruXVD9O,6,0,0,,1492190828499902466,CatatanAli07,,2697,1559,226,4473
1529879518025986048,2022-05-26 17:37:55+00:00,https://twitter.com/CatatanAli07/status/1529879518025986048,"Yang belum tidur gaskeun lagi Tagar dibawah ini JANGAN KASIH KENDOR!!!

ğŸ‘‡ğŸ‘‡

#MegaPKeliduanRasis
#MegaPKeliduanRasis 

RT KERAS!!! https://t.co/kEfXOcSjhX",41,17,28,,1492190828499902466,CatatanAli07,,2697,1559,226,4473
1529854221088333824,2022-05-26 15:57:24+00:00,https://twitter.com/CatatanAli07/status/1529854221088333824,ğŸ˜‚ğŸ¤¦â€â™€ï¸ https://t.co/GRZMqDAmpI,0,1,0,,1492190828499902466,CatatanAli07,,2697,1559,226,4473
1529847021469052928,2022-05-26 15:28:47+00:00,https://twitter.com/CatatanAli07/status/1529847021469052928,"Siapanya MEGAWATI Ko pace ??

#MegaPKeliduanRasis
#MegaPKeliduanRasis https://t.co/Y2JJsFz7aU",1,0,1,,1492190828499902466,CatatanAli07,,2697,1559,226,4473
1529818162849804288,2022-05-26 13:34:07+00:00,https://twitter.com/CatatanAli07/status/1529818162849804288,"Bah ini BAKSO BERANAK masih aja ngoceh dari tadi sudahlah fokus saja ke masalah ko sama RUHUT

Jangan ko bawa bawa yang tidak ada RELEVANSI nya dengan masalah ko sama ruhut 

Kalau perlu ko BETUMBUK sama Ruhut kami dukung https://t.co/1WV6vzLa2n",3,0,1,,1492190828499902466,CatatanAli07,,2697,1559,226,4473
1529816141639561217,2022-05-26 13:26:05+00:00,https://twitter.com/CatatanAli07/status/1529816141639561217,"Dah gini aja TOREN AER mending lu fokus Tujuan awal lo menjarain RUHUT jangan melebar kemana mana apalagi bawa bawa Khilafah Pks Dll

Kalau perlu Lo sama Ruhut BAKU HANTAM ğŸ˜‚ https://t.co/UUhhcr2tgL",2,0,3,,1492190828499902466,CatatanAli07,,2697,1559,226,4473
1529814107532062722,2022-05-26 13:18:00+00:00,https://twitter.com/CatatanAli07/status/1529814107532062722,https://t.co/pvzO24NStA https://t.co/oS8QkjhQRa,0,0,1,,1492190828499902466,CatatanAli07,,2697,1559,226,4473
1529801964438990848,2022-05-26 12:29:45+00:00,https://twitter.com/CatatanAli07/status/1529801964438990848,"Habis Pigai terbitlah Mega masuk angin semua ternyata dan ujung ujung nya hanya PANSOS dan selain PANSOS terselip juga CAMPAIGN LGBT

Jangan pakai lama ABAIKAN ( RAS BLOKIR UNFOL ) Orang macam ini 

Sudah tidak ada manfaat nya juga kita ikutin !! https://t.co/URTTEzxcXK",14,0,6,,1492190828499902466,CatatanAli07,,2697,1559,226,4473
1529791052860706816,2022-05-26 11:46:23+00:00,https://twitter.com/CatatanAli07/status/1529791052860706816,"Ko fokus saja sama RUHUT jangan melebar kemana mana kek badan ko ....

Dan coba ko jelaskan juga maksud ko RT soal LGBT maksudnya apa ? 

Ko sudah setua ini masak FUNGSI SILIT Gak paham!! https://t.co/T3TcEeG6hi",11,3,3,,1492190828499902466,CatatanAli07,,2697,1559,226,4473
1529768383885250561,2022-05-26 10:16:19+00:00,https://twitter.com/CatatanAli07/status/1529768383885250561,"Bawa bawa PKS lagi ko Paok ğŸ¤¦â€â™€ï¸ 
Ko sebenernya mau PENJARAIN RUHUT atau mau KAMPANYE LGBT ??? https://t.co/amk6gbbNzn",10,0,4,,1492190828499902466,CatatanAli07,,2697,1559,226,4473
1529696541182570496,2022-05-26 05:30:50+00:00,https://twitter.com/CatatanAli07/status/1529696541182570496,"Takut rupanya @MegaPKeliduan sama ruhut pandai bernarasi saja tapi tidak ada bukti

Malah dapat bukti pula dia dukung LGBT dgn mengaminkan cuitan si alvin.... https://t.co/IYLAaFyQ0U",7,1,2,,1492190828499902466,CatatanAli07,,2697,1559,226,4473
1528971624225026049,2022-05-24 05:30:16+00:00,https://twitter.com/CatatanAli07/status/1528971624225026049,Plis inpest tu mai kantri https://t.co/a2yknSQn4L,0,0,0,,1492190828499902466,CatatanAli07,,2697,1559,226,4473
1527818147738226689,2022-05-21 01:06:46+00:00,https://twitter.com/CatatanAli07/status/1527818147738226689,"UDAH JELEK , KELAKUAN NYA JELEK PULA https://t.co/nsmRQ8RiIJ",1,1,0,,1492190828499902466,CatatanAli07,,2697,1559,226,4473
1527167012715147264,2022-05-19 05:59:23+00:00,https://twitter.com/CatatanAli07/status/1527167012715147264,"DUIIT 70 JUTA NYA MASIH MAN ?

Jakarta - Majelis hakim menyatakan mantan Menteri Agama (Menag) Lukman Hakim Saifuddin menerima uang Rp 70 juta terkait pengisian jabatan Kepala Kantor Wilayah Kementerian Agama Jawa Timur (Kanwil Kemenag Jatim) https://t.co/INpkj7ycOb https://t.co/jPInx7rFeD",28,5,15,,1492190828499902466,CatatanAli07,,2697,1559,226,4473
1527121899750555648,2022-05-19 03:00:08+00:00,https://twitter.com/CatatanAli07/status/1527121899750555648,Kasihan melihat anda pak sudah 2022 tapi fungsi Otak saja sampai saat ini belum tau untuk apa.... https://t.co/INpkj7Qm2j,4,0,2,,1492190828499902466,CatatanAli07,,2697,1559,226,4473
1527101207902158848,2022-05-19 01:37:54+00:00,https://twitter.com/CatatanAli07/status/1527101207902158848,"Dijaman suharto atau orde baru CHINA tidak sengelunjak saat ini son

Dan orang orang Pemecah Belah Persatuan bangsa dan negara seperti DENNY SIREGAR ABU JANDA CS tidak dikasih tempat saat orde baru son

Dari segi ekonomi ? Jgnkan era soeharto dgn Era SBY aja jokowi belum selevel https://t.co/9dp0NGz9Nl https://t.co/OdnoGOhtB7",5,0,3,,1492190828499902466,CatatanAli07,,2697,1559,226,4473
1524723642718105601,2022-05-12 12:10:19+00:00,https://twitter.com/CatatanAli07/status/1524723642718105601,"Sebuah tindakan RASISME dilakukan  FANS PAGE DUNIA REAL MADRID Difacebook

@MafiaWasit @InfosuporterID @idextratime @Fandom_ID https://t.co/jsLbwf7dRw",2,1,3,,1492190828499902466,CatatanAli07,,2697,1559,226,4473
1524663580422852608,2022-05-12 08:11:39+00:00,https://twitter.com/CatatanAli07/status/1524663580422852608,Gara gara ini ternyata ğŸ˜‚ https://t.co/oY23W0450t,3,1,1,,1492190828499902466,CatatanAli07,,2697,1559,226,4473
1524628864731070464,2022-05-12 05:53:42+00:00,https://twitter.com/CatatanAli07/status/1524628864731070464,Kayak pada kehabisan narasi isinya saling adu masa semua gak ada lain lagi selain itu ğŸ˜‚ https://t.co/RzaOyoQ1cV,0,0,0,,1492190828499902466,CatatanAli07,,2697,1559,226,4473
1524627555659427840,2022-05-12 05:48:30+00:00,https://twitter.com/CatatanAli07/status/1524627555659427840,Pulsa Ceban barusan Cair kayak nya ... bisa seragam gini cuitan nya untuk PUAN.... https://t.co/5k51RDtxW5,7,0,2,,1492190828499902466,CatatanAli07,,2697,1559,226,4473
1524622254797369344,2022-05-12 05:27:26+00:00,https://twitter.com/CatatanAli07/status/1524622254797369344,"Gila lu GURU dihargai segitu part time lagi 

Pantes sulit dapat jodoh lo lah kelakuan lu kek VOC kejam bangetğŸ¤¦â€â™€ï¸ https://t.co/PMhKQaySMG",8,1,2,,1492190828499902466,CatatanAli07,,2697,1559,226,4473
1524619738269519873,2022-05-12 05:17:26+00:00,https://twitter.com/CatatanAli07/status/1524619738269519873,Terimakasih dok @__Sridiana_3va ğŸ™ https://t.co/CKDgfNxmYz,15,1,1,,1492190828499902466,CatatanAli07,,2697,1559,226,4473
1524575771594960896,2022-05-12 02:22:43+00:00,https://twitter.com/CatatanAli07/status/1524575771594960896,"JATENG AJA AMBURADUL KO ANGKAT ANGKAT PULA JADI CAPRES

ANGKA KEMISKINAN DIJATENG TERUS BERTAMBAH BAHKAN MASUK KATEGORI EKSTREM 

Gubernur kayak gini mau ko usulkan jadi CAPRES ? Gua yang Warga Jateng aja ORA SUDI!!!

GOBLOK LU CHUSNUL https://t.co/hZ0s45iOLv https://t.co/q6XPBPflia",8,1,3,,1492190828499902466,CatatanAli07,,2697,1559,226,4473
1524570349383593985,2022-05-12 02:01:11+00:00,https://twitter.com/CatatanAli07/status/1524570349383593985,Masih hidup ? https://t.co/gjf5Ivmr5I,1,0,0,,1492190828499902466,CatatanAli07,,2697,1559,226,4473
1524570107082866688,2022-05-12 02:00:13+00:00,https://twitter.com/CatatanAli07/status/1524570107082866688,Jangan Takut kehilangan sesuatu karna (Takdir) Allah Swt tapi takutlah Kehilangan Allah Karna Sesuatu ğŸ‘,28,0,4,,1492190828499902466,CatatanAli07,,2697,1559,226,4473
1524568620281769991,2022-05-12 01:54:18+00:00,https://twitter.com/CatatanAli07/status/1524568620281769991,AnjengğŸ˜‚ lu dibatasi gua dikunci bangsat emang si @elonmusk ğŸ¤¦â€â™€ï¸ğŸ˜‚ https://t.co/1JGxYv4j3A,1,2,0,,1492190828499902466,CatatanAli07,,2697,1559,226,4473
1524557689006686208,2022-05-12 01:10:52+00:00,https://twitter.com/CatatanAli07/status/1524557689006686208,Kalau Kesana hanya untuk menemui ELON MUSK tidak ada agenda lain ya wajar jika tidak disambut BIDEN https://t.co/k85U0p2y1c,1,0,0,,1492190828499902466,CatatanAli07,,2697,1559,226,4473
1524554221848195072,2022-05-12 00:57:05+00:00,https://twitter.com/CatatanAli07/status/1524554221848195072,BAKAR HIDUP HIDUP!!! https://t.co/I8Xrninfv2,2,1,1,,1492190828499902466,CatatanAli07,,2697,1559,226,4473
1524549364408274944,2022-05-12 00:37:47+00:00,https://twitter.com/CatatanAli07/status/1524549364408274944,ğŸ¤¦â€â™€ï¸ğŸ¤¦â€â™€ï¸ https://t.co/aouGzsjHhE,91,43,8,,1492190828499902466,CatatanAli07,,2697,1559,226,4473
1524275141500633089,2022-05-11 06:28:08+00:00,https://twitter.com/CatatanAli07/status/1524275141500633089,"ADMIN GUOBLOK gua fans MU malu min sama lu 

Kapasitas Stadion City itu berapa kapasitas Stadion MU itu berapa ?

City segitu udah 90% MU baru 80%an  gak gitu juga lah min dukung MU boleh GOBLOK JANGAN https://t.co/TvjvaLdrPN",0,1,2,,1492190828499902466,CatatanAli07,,2697,1559,226,4473
1524218973025615873,2022-05-11 02:44:56+00:00,https://twitter.com/CatatanAli07/status/1524218973025615873,PECINTA LOBANG TAIK JUGA YA ???? https://t.co/MzpeDWAtv7,3,1,2,,1492190828499902466,CatatanAli07,,2697,1559,226,4473
1523223617403691009,2022-05-08 08:49:45+00:00,https://twitter.com/CatatanAli07/status/1523223617403691009,"Bismillahirrahmanirrahim

Pelan pelan Sedikit Demi sedikit
Gakpapa merangkak Asal UMKM Emak Emak Penjahit Klaten Bisa Bangkit Lagi

Yok Order SEPRAI &amp; BEDCOVER Asli buatan Tangan Emak Emak Klaten 

Untuk Motif Lain DM Ali ya

Thanks buat yang sudah order dan berkenan membantu RT https://t.co/Anv1DX3J9Q",46,8,26,,1492190828499902466,CatatanAli07,,2697,1559,226,4473
1522451095003746304,2022-05-06 05:40:01+00:00,https://twitter.com/CatatanAli07/status/1522451095003746304,Bismillah akun baru netes adakah yang mo follow Aku ğŸ˜¥ğŸ˜¥,636,151,74,,1492190828499902466,CatatanAli07,,2697,1559,226,4473
1522170583802609664,2022-05-05 11:05:22+00:00,https://twitter.com/CatatanAli07/status/1522170583802609664,"Pengamat amatiran seperti @CoachJustinL jika masih dikasih panggung ya begini masih akan terus pamer kebodohan nya....

https://t.co/kxYzj18mJS",2,0,1,,1492190828499902466,CatatanAli07,,2697,1559,226,4473
1521987010906697728,2022-05-04 22:55:55+00:00,https://twitter.com/CatatanAli07/status/1521987010906697728,Ada aja dah yang coba adu domba gue ma seseorang https://t.co/Qoek7q8Ajk,1,0,0,,1492190828499902466,CatatanAli07,,2697,1559,226,4473
1521872154555731969,2022-05-04 15:19:31+00:00,https://twitter.com/CatatanAli07/status/1521872154555731969,ODGJğŸ˜‚ğŸ¤£ https://t.co/r8XxJ7v4io,1,0,0,,1492190828499902466,CatatanAli07,,2697,1559,226,4473
1521842515481337857,2022-05-04 13:21:44+00:00,https://twitter.com/CatatanAli07/status/1521842515481337857,CAPER ğŸ˜‚,3,1,0,,1492190828499902466,CatatanAli07,,2697,1559,226,4473
1520606570258010113,2022-05-01 03:30:32+00:00,https://twitter.com/CatatanAli07/status/1520606570258010113,Orang dibawah ini memanfaatkan kebodohan nya untuk membodoh bodohi orang lain ğŸ˜‚ğŸ¤£ğŸ˜‚ https://t.co/94kkFgPyrK,15,2,7,,1492190828499902466,CatatanAli07,,2697,1559,226,4473
1520460568146354176,2022-04-30 17:50:22+00:00,https://twitter.com/CatatanAli07/status/1520460568146354176,"PERNAH KECIL KAN PAK ? 

Dari jaman gue bayi nama nya LEBARAN Pasti Rame

Mall dan pusat perdagangan selalu rame jelang hari raya, pun dengan jalan raya Penuh sesak macet Pemudik

JADI GAK ADA HUBUNGAN NYA SAMA EKONOMI MAKRO DLL YANG ADA EMANG TRADISI LEBARAN BEGITU SAIPUL https://t.co/ekk3wqMKea",20,2,9,,1492190828499902466,CatatanAli07,,2697,1559,226,4473
1519654950611337216,2022-04-28 12:29:08+00:00,https://twitter.com/CatatanAli07/status/1519654950611337216,Packing Rapi Rasa Enak tunggu apalagi yang belum punya KUE KERING yok buruan order di @nyonyahsyuper KUE KERING Paling enak SEMALANG RAYA No debat pokoknya!! https://t.co/lGLEIa7HF7,12,1,5,,1492190828499902466,CatatanAli07,,2697,1559,226,4473
1519174962359472129,2022-04-27 04:41:50+00:00,https://twitter.com/CatatanAli07/status/1519174962359472129,Nulis panjang lebar setelah gua cermati dan gua amati Ternyata GAK ADA ISI NYA ALIAS K0PONG  ..... https://t.co/F4985M8WeQ,798,91,119,,1492190828499902466,CatatanAli07,,2697,1559,226,4473
1519080432343871489,2022-04-26 22:26:12+00:00,https://twitter.com/CatatanAli07/status/1519080432343871489,https://t.co/5XuQUEjEWo https://t.co/PBjRx2Ge5A,0,0,1,,1492190828499902466,CatatanAli07,,2697,1559,226,4473
1519066065191735296,2022-04-26 21:29:07+00:00,https://twitter.com/CatatanAli07/status/1519066065191735296,"Banyak yang DM kasih tau kalau ada yang sering GHIBAHIN gua ,

gua jawab santai biarkan saja emang itu PROFESI mereka Toh mereka GHIBAH Gua dapat Pahala ğŸ˜‚",6,5,2,,1492190828499902466,CatatanAli07,,2697,1559,226,4473
1518786327353131008,2022-04-26 02:57:32+00:00,https://twitter.com/CatatanAli07/status/1518786327353131008,"PENUNGGANG AGAMA ? AHOK MAKSUD NYA ? Yang menggunakan ayat Kitab suci AGAMA orang lain untuk kampanye ? Dan akhirnya kepleset terus dibui gitu maksudnya ??

ğŸ˜‚ğŸ˜‚ https://t.co/qpoUFVZlX4",1,0,0,,1492190828499902466,CatatanAli07,,2697,1559,226,4473
1518785403838676992,2022-04-26 02:53:52+00:00,https://twitter.com/CatatanAli07/status/1518785403838676992,https://t.co/qpoUFVZlX4 https://t.co/wzsRUK7UWG,2,0,1,,1492190828499902466,CatatanAli07,,2697,1559,226,4473
1517899651537829888,2022-04-23 16:14:12+00:00,https://twitter.com/CatatanAli07/status/1517899651537829888,"TAU DARI MANA YANG DEMO GAK PUASA ? 

NARASI MU UNTUK AHY DAN ANIES MAKSUDNYA APA ? GURU ITU DIGUGU DAN DITIRU

KALAU GURU SEPERTI ANDA SUKA SEREMPET RASIS DAN FASIS MAU JADI APA DUNIA PENDIDIKAN KITA.

CC @PBPGRI_OFFICIAL @Itjen_Kemdikbud @pusdatin_dikbud https://t.co/GhS85oCx4N https://t.co/VyXlpc4hkr",23,7,11,,1492190828499902466,CatatanAli07,,2697,1559,226,4473
1517876593007677440,2022-04-23 14:42:35+00:00,https://twitter.com/CatatanAli07/status/1517876593007677440,TAIK LU https://t.co/84Lof55Q86,0,0,1,,1492190828499902466,CatatanAli07,,2697,1559,226,4473
1517863563117088768,2022-04-23 13:50:48+00:00,https://twitter.com/CatatanAli07/status/1517863563117088768,"URUSIN KLUB LO SENDIRI MIN
GAK USAH KAMPUNGAN

NGACA BEBERAPA TAHUN LALU KLUB KALIAN KEK GIMANA...... https://t.co/1hRez5s3eh",2,2,2,,1492190828499902466,CatatanAli07,,2697,1559,226,4473
1517862784759136256,2022-04-23 13:47:43+00:00,https://twitter.com/CatatanAli07/status/1517862784759136256,"Cookies Putri salju Dan Anek Kuker Paling Enak Se MALANG RAYA ini saya rekomendasikan buat kalian yang belum beli KUKER

Yok diborong.......... https://t.co/zmCIEvDVyT",4,1,4,,1492190828499902466,CatatanAli07,,2697,1559,226,4473
1517483004016611328,2022-04-22 12:38:36+00:00,https://twitter.com/CatatanAli07/status/1517483004016611328,Tadi nantangin KADRUN lah kok udah EJAKULASI DINI Lemah lu jib @GusNadjb ğŸ¤£ğŸ˜‚ğŸ¤£ğŸ˜‚ https://t.co/bQoAnCxQpY,44,10,10,,1492190828499902466,CatatanAli07,,2697,1559,226,4473
1517423245305446401,2022-04-22 08:41:08+00:00,https://twitter.com/CatatanAli07/status/1517423245305446401,"KASTENGEL dan NASTARE dulur wedok ku siji iki Paling Wuuuuuueeenaaaaakkk Sak Malang Tak jamin....

Ndak Nyesel Pokok e kalau Order 
Yok buruan Diorder sebelum Ditutup pengiriman nya jelang LEBARAN

ğŸ‘‡ğŸ‘‡ https://t.co/2gJdllBzGw",6,1,3,,1492190828499902466,CatatanAli07,,2697,1559,226,4473
1517396632836648961,2022-04-22 06:55:23+00:00,https://twitter.com/CatatanAli07/status/1517396632836648961,"Kuker dulur ku wedok siji iki ndak ono lawane Semalang raya pokok e paling wunakkkkkk Tak Jamin 

Yok diorder ğŸ‘‡ğŸ‘‡ https://t.co/EjpTUPJdvO",2,1,2,,1492190828499902466,CatatanAli07,,2697,1559,226,4473
1517326244454739968,2022-04-22 02:15:41+00:00,https://twitter.com/CatatanAli07/status/1517326244454739968,"Ada lagi ORANG GILA ngaku sedaerah sama gua tau pasti soal gua

tapi aneh nya gua sendiri merasa gak pernah ketemu sama sekali sama dia gak tau siapa itu orang dan dia pake akun anonim ğŸ¤£ğŸ˜‚

Goblok ğŸ˜‚",2,2,1,,1492190828499902466,CatatanAli07,,2697,1559,226,4473
1517136403213467648,2022-04-21 13:41:20+00:00,https://twitter.com/CatatanAli07/status/1517136403213467648,"Hidup Gua Palsu ? 

Alhamdulillah sudah banyak yang ketemu ALI didunia nyata

Baik Orang TL yang samperin Ali kerumah atau kecafe Ali atau Ali yang samperin orang TL kerumah nya

Udah PADA TUA demen banget sebarin HOAX malu lah sama UMUR 

DENGKI DIPELIHARA KAMBING NOH PELIHARAğŸ˜¤ https://t.co/usoUes49Zr",16,4,4,,1492190828499902466,CatatanAli07,,2697,1559,226,4473
1517131391670300672,2022-04-21 13:21:25+00:00,https://twitter.com/CatatanAli07/status/1517131391670300672,https://t.co/NG64huvWTQ,1,0,1,,1492190828499902466,CatatanAli07,,2697,1559,226,4473
1517062845955178496,2022-04-21 08:49:02+00:00,https://twitter.com/CatatanAli07/status/1517062845955178496,"Yang masih lucu Difitnah GIGOLO karna saat keluar kota tidur dihotel dan apartemen ğŸ˜‚

Lah kalau gua keluar kota gak tidur dihotel dan diapartemen suruh tidur dimana ??? KOLONG JEMBATAN ?ğŸ¤£ğŸ˜‚ https://t.co/eNUZz4Z567",3,2,3,,1492190828499902466,CatatanAli07,,2697,1559,226,4473
1517062652434202624,2022-04-21 08:48:16+00:00,https://twitter.com/CatatanAli07/status/1517062652434202624,"Gua Difitnah Dapat TANAH dari morotin Pacar
Gua Difitnah Mokondo 
Gua difitnah Gigolo karna sering keluar kota tidur dihotel dan apartemen

Dan aneh nya 90% Yang Fitnah Gua Laki Laki ğŸ˜‚

Dan orang nya itu itu aja Heran kan laki laki jaman sekarang Tukang ghibah dan HasutğŸ˜‚",142,44,7,,1492190828499902466,CatatanAli07,,2697,1559,226,4473
1517035651870629888,2022-04-21 07:00:59+00:00,https://twitter.com/CatatanAli07/status/1517035651870629888,Alhamdulillah Puasa hari ini dapat Tambahan PAHALA dari orang orang yang fitnah dan julid kegua ğŸ¤£ğŸ˜‚ğŸ•ºğŸ’ƒ,3,1,4,,1492190828499902466,CatatanAli07,,2697,1559,226,4473
1517032162197118976,2022-04-21 06:47:07+00:00,https://twitter.com/CatatanAli07/status/1517032162197118976,"Yang gua blokir ada CEBONG lah CEBONG itu kan TOXIC DAN SAMPAH kan  semua udah tau ğŸ˜‚ 

Kalian dari OPOSISI juga pasti ada dan banyak yang BLOKIRIN CEBONG ğŸ˜‚

Kok pada ngamuk ngatain gua ini itu ampun dah udah pada gua blokirin masih aja pada JULID ğŸ˜«ğŸ˜« https://t.co/QQfUx7qjNE",7,1,3,,1492190828499902466,CatatanAli07,,2697,1559,226,4473
1517029262083375107,2022-04-21 06:35:35+00:00,https://twitter.com/CatatanAli07/status/1517029262083375107,"Mention gak ngomongin juga enggak lah kok pada Ngamuk ğŸ™ˆ

Gua mah jujur kalau ada orang yg TOXIC suka ngomongin gua dibelakang ghibahin gua dibelakang ya gua blokir

Buang buang waktu 

Dan Kalau gak gua blokir ya dia mau ngomong apapun gua dah malas jawab dan ladenin...",9,1,3,,1492190828499902466,CatatanAli07,,2697,1559,226,4473
1516968099928735744,2022-04-21 02:32:33+00:00,https://twitter.com/CatatanAli07/status/1516968099928735744,https://t.co/agUoQvvqjW,1,0,1,,1492190828499902466,CatatanAli07,,2697,1559,226,4473
1516784708927238148,2022-04-20 14:23:49+00:00,https://twitter.com/CatatanAli07/status/1516784708927238148,"Gua kalau udah benci sama orang atau orang itu gua anggap TOXIC DAN SAMPAH ya gua blokir kalau gak gua blokir ya Dia mau komen apapun mention tag apapun kegua gak akan gua tanggapin...

DAN ANEH NYA UDAH GUA BLOKIR MASIH AJA CAPER ğŸ˜‚

 TABIAT TOXIC MEMANG SUSAH DIHILANGKAN",10,0,1,,1492190828499902466,CatatanAli07,,2697,1559,226,4473
1515733107886166019,2022-04-17 16:45:08+00:00,https://twitter.com/CatatanAli07/status/1515733107886166019,"TRENDINGKAN Sesuatu peristiwa sampai ke tingkat NASIONAL bahkan DUNIA soal Ketidak adilan dinegeri ini lewat tagar 

hanya bisa dilakukan oleh orang orang yang kalian anggap kompor meleduk yang kalian tidak hargai perjuangan nya

GASSSS SAMPAI PAGI

ğŸ‘‡

#KM50RoadToDenHaag",55,9,37,,1492190828499902466,CatatanAli07,,2697,1559,226,4473
1515238974163685377,2022-04-16 08:01:37+00:00,https://twitter.com/CatatanAli07/status/1515238974163685377,"Sama LUCINTA LUNA baru mau si @Dennysiregar7 

ğŸ˜‚ğŸ¤£

Makanya den jang sok sokan kemana mana masih pake penutu0 wajah rapat aja sok sokan nantang Gelud diring ğŸ¤£ğŸ˜‚

Ditanggapi disanggupi Beneran Kicep kan lu ciut kan lu mengkerut kan Tytyd dan ring jantung luğŸ˜‚ https://t.co/fXdSU6dWW6",0,0,0,,1492190828499902466,CatatanAli07,,2697,1559,226,4473
1514516195059597312,2022-04-14 08:09:33+00:00,https://twitter.com/CatatanAli07/status/1514516195059597312,"Boro boro diajak duel @Dennysiregar7 CS aja kalau MAKAN DIWARTEG  pakai Helm saking ketakutan nya mereka digebukin Warga.....

#SampahMasyarakat https://t.co/B0FPMj6LmG",8,1,1,,1492190828499902466,CatatanAli07,,2697,1559,226,4473
1514429870893576201,2022-04-14 02:26:32+00:00,https://twitter.com/CatatanAli07/status/1514429870893576201,"TUA DOANG OTAK BOCIL

https://t.co/EfsFWljAwt",2,0,0,,1492190828499902466,CatatanAli07,,2697,1559,226,4473
1514212611617079297,2022-04-13 12:03:13+00:00,https://twitter.com/CatatanAli07/status/1514212611617079297,"Jangan tidak follow ayo semua follow @nyonyahsyuper 

Orang humble baik tidak sombong mirip donna agnesia https://t.co/BG5kKQnQAA",4,2,1,,1492190828499902466,CatatanAli07,,2697,1559,226,4473
1513867322880323584,2022-04-12 13:11:10+00:00,https://twitter.com/CatatanAli07/status/1513867322880323584,"Setujukah kalian jika Polri #TangkapHusinShihab ? 

Karna dia sudah melakulan tindak pidana doxing dan pencemaran nama baik kepada saudara TRY

Yang setuju #TangkapHusinShihab

RT KERAS https://t.co/KIkUQSKx3e",493,33,303,,1492190828499902466,CatatanAli07,,2697,1559,226,4473
1513644304237199364,2022-04-11 22:24:58+00:00,https://twitter.com/CatatanAli07/status/1513644304237199364,"PARA KETUA PARTAI yg dukung 3 periode itu Beralasan kalau 3 periode  itu aspirasi dari Rakyat 

Seharusnya Kalau KETUA PARTAI ITU WARAS jika ada rakyat yg sampaikan itu langsung ditentang apalagi mereka paham undang undang kasih pengertian BAHWA 3 PERIODE itu melanggar konstitusi",869,43,215,,1492190828499902466,CatatanAli07,,2697,1559,226,4473
1513618363754631171,2022-04-11 20:41:54+00:00,https://twitter.com/CatatanAli07/status/1513618363754631171,"BACOT 

DIMANA MUNCUNG LO SAAT ADA 6 MANUSIA DIBANTAI DI KM 50 OLEH APARAT KEPOLISIAN ??

JIKA BICARA KEMANUSIAAN HARUS FAIR KARNA SEMUA MANUSIA...

ADE ARMANDO MATI ? KAGAK CACAT ? KAGAK 

TAPI 6 ORANG DI KM 50 MATI MENGENASKAN DIBANTAI APARAT KEPOLISIAN 

DAN LO DIAM... https://t.co/noW5Y2Cods",529,16,124,,1492190828499902466,CatatanAli07,,2697,1559,226,4473
1513616911338455040,2022-04-11 20:36:07+00:00,https://twitter.com/CatatanAli07/status/1513616911338455040,"Hahahahahaha

#DimanaCelanaAdeArmando https://t.co/uAA9cTw4fU https://t.co/VSIb0ypt30",14,1,4,,1492190828499902466,CatatanAli07,,2697,1559,226,4473
1513571243605168130,2022-04-11 17:34:39+00:00,https://twitter.com/CatatanAli07/status/1513571243605168130,"Jika PELAKU Pembantaian Anggota FPI DI KM 50 dibebaskan  seharusnya PELAKU Penganiayaan terhadap ADE ARMANDO juga dibebaskan dan tidak perlu sampai masuk penjara

BETUL GAK SIH ??

BTW #DimanaCelanaAdeArmando ? Ada yang tau ??",101,9,17,,1492190828499902466,CatatanAli07,,2697,1559,226,4473
1513487242500661250,2022-04-11 12:00:52+00:00,https://twitter.com/CatatanAli07/status/1513487242500661250,"GAK USAH BAHAS KEMANUSIAAN
LU KASUS PEMBANTAIAN KM 50 DIAM SOK SOKAN BAHAS KEMANUSIAAN

MIKIR!!!!! BISA MIKIR KAN OTAK NYA ? https://t.co/roZYfPLC2h",91,15,29,,1492190828499902466,CatatanAli07,,2697,1559,226,4473
1513479880931160064,2022-04-11 11:31:37+00:00,https://twitter.com/CatatanAli07/status/1513479880931160064,"Muda doang NYALI kalah sama ADE ARMANDO 

Payah lo Peler... https://t.co/j0MfZsc1lj",84,14,17,,1492190828499902466,CatatanAli07,,2697,1559,226,4473
1513473717330145282,2022-04-11 11:07:07+00:00,https://twitter.com/CatatanAli07/status/1513473717330145282,Lu sama gua aja yok den sampe MAMPUS dan jangan lupa buat surat perjanjian diatas materai MAMPUS keluarga dilarang nuntut itu aja kalau lu lakik sih.... https://t.co/wtBxXJ1fKV,113,16,25,,1492190828499902466,CatatanAli07,,2697,1559,226,4473
1513408594666225670,2022-04-11 06:48:21+00:00,https://twitter.com/CatatanAli07/status/1513408594666225670,"Anggaran PEMILU besar sekali tapi hanya dapat PEMIMPIN seperti anda pak yang membuat keadaan Indonesia seperti saat ini ??

Carut marut
Persatuan pecah
Ekonomi lemah
Rakyat susah
Hutang melimpah
Harga diri bangsa rendah
Buzzer dibayar negarah

PARAH

#RakyatBergerak https://t.co/XmkX1SySWZ",81,1,34,,1492190828499902466,CatatanAli07,,2697,1559,226,4473
1513405950656655366,2022-04-11 06:37:51+00:00,https://twitter.com/CatatanAli07/status/1513405950656655366,https://t.co/r7z98LpqPS https://t.co/Xvcr2YzKdx,3,0,0,,1492190828499902466,CatatanAli07,,2697,1559,226,4473
1513389082495557632,2022-04-11 05:30:49+00:00,https://twitter.com/CatatanAli07/status/1513389082495557632,"Yang kemarin juga dihajar cebong karna provokasi gua yakin gak Pada Turun dirumah dekem maenan hape sambil Memprovokasi

Dan mereka juga sebenerny gak layak turun KARNA MASIH  PUJA PUJI TOKOH TANPA BERANI MENGKRITISI

LAWAN!!! https://t.co/4Dh8qPNWzQ",11,2,2,,1492190828499902466,CatatanAli07,,2697,1559,226,4473
1513383892002418692,2022-04-11 05:10:11+00:00,https://twitter.com/CatatanAli07/status/1513383892002418692,"Why are indonesia people protesting in the streets?

Because The government also racked up huge amounts of debt to fund what critics have called unnecessary infrastructure projects

@BILD 
@POTUS 
@cnnbrk 
@Reuters 
@malaysiakini 
@BarackObama 

#RakyatMelawan https://t.co/o3utC6FFcp",63,4,23,,1492190828499902466,CatatanAli07,,2697,1559,226,4473
1513374464251428864,2022-04-11 04:32:44+00:00,https://twitter.com/CatatanAli07/status/1513374464251428864,"TODAY, 

Thousands of people take part in a demonstration in Jakarta for justice and demand the president resign

@BBCWorld
@Reuters
@cnnbrk
@tv3malaysia
@KKMPutrajaya
@POTUS

#lengserkanjokowi https://t.co/XO0jlzq0uf",81,5,50,,1492190828499902466,CatatanAli07,,2697,1559,226,4473
1513347009868369923,2022-04-11 02:43:38+00:00,https://twitter.com/CatatanAli07/status/1513347009868369923,"Semakin terlihat nyata yang saya sampaikan soal PERPECAHAN DIKUBU PDIP ğŸ˜‚

PDIP VERSI MEGA PUAN HASTO
VS
PDIP VERSI GANJAR JOKOWI LUHUT

PDIP versi MEGA undang CAKNUN untuk menggoyang Posisi JOKOWI ğŸ˜‚ https://t.co/A476orVSp2",0,0,1,,1492190828499902466,CatatanAli07,,2697,1559,226,4473
1513344698873970690,2022-04-11 02:34:27+00:00,https://twitter.com/CatatanAli07/status/1513344698873970690,HANYA MANUSIA BODOH YANG MASIH BERANGGAPAN KONDISI INDONESIA BAIK BAIK SAJA!! https://t.co/CjNQzrtpxn,5,0,1,,1492190828499902466,CatatanAli07,,2697,1559,226,4473
1513338119067947011,2022-04-11 02:08:18+00:00,https://twitter.com/CatatanAli07/status/1513338119067947011,"Justru Demo itu adalah bagian dari implementasi  DEMOKRASI 

Kok bisa bisa nya Yang dorong demo disebut tidak dewasa Hadeh sekolah lagi sanah ğŸ¤£ğŸ˜‚

Sekelas PROFESOR bikin statemen kek bocah PAUD ğŸ˜‚

#MahasiswaBergerak 
#MahasiswaBergerak https://t.co/SAnOKhRhtq",126,8,30,,1492190828499902466,CatatanAli07,,2697,1559,226,4473
1513337308816506883,2022-04-11 02:05:05+00:00,https://twitter.com/CatatanAli07/status/1513337308816506883,"Tujuan kalian apa sih SHARE VIDEO LAMA ? 

Jangan norak lah kalau gara gara video lama kalian ada yang kegocek terus masuk BUI apa kalian mau tanggung jawab ??

KALAU BELUM ADA BAHAN CUITAN MENDING DIAM!!!!

#AksiNasional114",19,1,6,,1492190828499902466,CatatanAli07,,2697,1559,226,4473
1513335185731108865,2022-04-11 01:56:39+00:00,https://twitter.com/CatatanAli07/status/1513335185731108865,"Ya Allah Lindungilah mereka jaga mereka bantu mereka untuk merubuhkan Kedzaliman yang ada diindonesia saat ini

Selamat berjuang adek adek ku mahasiswa dan para rekan dab sahabat Ali yang turun hari ini Semoga kalian selalu dalam lindungan ALLAH Swt

ğŸ˜­ğŸ˜­ğŸ˜­ğŸ˜­

#AksiNasional114",1066,30,208,,1492190828499902466,CatatanAli07,,2697,1559,226,4473
1513184274668609537,2022-04-10 15:56:59+00:00,https://twitter.com/CatatanAli07/status/1513184274668609537,"Pakai POCARI SWEET untuk penghilang rasa pedih gas air mata...

Caranya dibuat raup atau cuci muka...

#MahasiswaBergerak",2227,32,672,,1492190828499902466,CatatanAli07,,2697,1559,226,4473
1513176978610081798,2022-04-10 15:27:59+00:00,https://twitter.com/CatatanAli07/status/1513176978610081798,"TAGAR

#MahasiswaBergerak 
#MahasiswaBergerak 

Geber lagi yok buat kasih semangat ke adek adek mahasiswa besok....",374,45,148,,1492190828499902466,CatatanAli07,,2697,1559,226,4473
1511820891763937281,2022-04-06 21:39:23+00:00,https://twitter.com/CatatanAli07/status/1511820891763937281,"Bismillah

#11AprilJokowiTumbang ğŸ™

Yang ingin #11AprilJokowiTumbang

RT KERAS!!!!!!",1,1,3,,1492190828499902466,CatatanAli07,,2697,1559,226,4473
1510510494121345025,2022-04-03 06:52:20+00:00,https://twitter.com/CatatanAli07/status/1510510494121345025,"AMERIKA Tidak Ada PKI
Jadi Mereka bebas beribadah dimana pun mereka mau...

Beda dengan INDONESIA baru ada yang NGAJI BERJAMAAH dijalan udah panas udah kelojotan ANJING ANJING PKI Mulai bermunculan ğŸ™ˆ https://t.co/AEfC0fZHNn",3,0,0,,1492190828499902466,CatatanAli07,,2697,1559,226,4473
1507923216496730113,2022-03-27 03:31:25+00:00,https://twitter.com/CatatanAli07/status/1507923216496730113,"Ramadhan Itu Setahun sekali , Belum tentu Ramadhan Edisi selanjutnya kita masih bisa merasakan nya

Jadi saat Tiba Kita Wajib #RamadhanPenuhiMasjid jangan mau diatur atur sama PENGIKUT MADZAB WHO 

SETUJU RT SERTAKAN TAGAR #RamadhanPenuhiMasjid",1128,42,449,,1492190828499902466,CatatanAli07,,2697,1559,226,4473
1503376536606748679,2022-03-14 14:24:32+00:00,https://twitter.com/CatatanAli07/status/1503376536606748679,"Wapres Ulama 
Menag Anak Kyai

Tapi pada bungkam lihat #RitualSesatIKN naudzubillah Summa Naudzubillah mindzalik

#RitualSesatIKN bisa jadi sumber bencana karna ALLAH SWT tidak mengampuni Dosa Sirik dan Musrik https://t.co/xghwDC2Atl",25,6,14,,1492190828499902466,CatatanAli07,,2697,1559,226,4473
1500056511066025985,2022-03-05 10:31:56+00:00,https://twitter.com/CatatanAli07/status/1500056511066025985,Tanggung Amat Ah genepin jadi 1000 bisa ndak neh ğŸ˜‚ğŸ™ https://t.co/qFAYcOqWyL,2,3,2,,1492190828499902466,CatatanAli07,,2697,1559,226,4473
1498116940124295169,2022-02-28 02:04:46+00:00,https://twitter.com/CatatanAli07/status/1498116940124295169,Yuk diorder Polo nya ğŸ‘ https://t.co/g0Pmf2aUYk,0,0,0,,1492190828499902466,CatatanAli07,,2697,1559,226,4473
1494339276435509248,2022-02-17 15:53:41+00:00,https://twitter.com/CatatanAli07/status/1494339276435509248,"Kisi kisi dari koko kalau COVID AKAN RELEASE VARIAN BARU

Jika kalian terus Membaca HALUSINASI koko ini saya berani jamin hidup kalian akan penuh ketakutan 

BAHAHAHAHAHAHAHA https://t.co/50EApGh8aO",2,0,3,,1492190828499902466,CatatanAli07,,2697,1559,226,4473
1493959749729423364,2022-02-16 14:45:35+00:00,https://twitter.com/CatatanAli07/status/1493959749729423364,Assalamualaikum,1,0,0,,1492190828499902466,CatatanAli07,,2697,1559,226,4473
1492673532463304705,2022-02-13 01:34:37+00:00,https://twitter.com/CatatanAli07/status/1492673532463304705,Mantap neh buat temen ngupi Yok diorder ğŸ‘ https://t.co/K11mJ6WvjG,4,1,3,,1492190828499902466,CatatanAli07,,2697,1559,226,4473
1492466412656676866,2022-02-12 11:51:36+00:00,https://twitter.com/CatatanAli07/status/1492466412656676866,Keep calm yah masih dibatasi buat polbekğŸ™,0,0,1,,1492190828499902466,CatatanAli07,,2697,1559,226,4473
1492418892924583936,2022-02-12 08:42:46+00:00,https://twitter.com/CatatanAli07/status/1492418892924583936,Gak bosen KO hidup lu kerjaan nya NAKUT NAKUTIN Mulu ?? https://t.co/kuo2U1Ht9j,3,1,1,,1492190828499902466,CatatanAli07,,2697,1559,226,4473
1492352188148219908,2022-02-12 04:17:42+00:00,https://twitter.com/CatatanAli07/status/1492352188148219908,"JILAT TERUS 

ISENG ISENG BERHADIAH YA DIE ğŸ˜‚ğŸ¤£ https://t.co/2mjF2tlivh",1,0,1,,1492190828499902466,CatatanAli07,,2697,1559,226,4473
1492310337122889729,2022-02-12 01:31:24+00:00,https://twitter.com/CatatanAli07/status/1492310337122889729,#FotoProfilBaru https://t.co/2nj1RH1qRV,0,0,0,,1492190828499902466,CatatanAli07,,2697,1559,226,4473
