Tweet,KS,KH,DH,TDH,SWA,LO,AK
Ini pasti salah Jokowi Ahok dan kafir-kafir ateis. ,1,0,0,1,0,0,0
@fahmiabuazzam1 biar aja biar tai nya kena bapak lo itu ya. Loh tuh kan gak suka sm ahok jadi biar loh sm bpk loh sm ibu loh kena tai nya.,0,0,1,0,0,0,0
RT @Lupuz0503: Prestasi Ahok Selain mjadi mafia koruptor n penista agama dirinya bhasil tenggelamkan JKT MELALUI congoran CEBON,1,0,1,1,0,0,0
Ulama Kompak Nyatakan Haram Pemimpin Kafir Pilih Ahok = Murtad!,1,1,0,1,0,0,1
KAU PENDIKAN TINGGI TAPI BODOH....GK ADA LARANG BAWA AGAMA..BIAR ORANG ISLAM YG DI BAYAR AHOK SADAR GK JADI MILIH AHOK GLA,1,0,0,1,0,0,0
@indopoints di tanah abang cina udah mulai resah dan stres gara2 si penista agama dan pilkada pasar jd sepi. Sepi sampai 2 minggu lg ha. ha,1,1,0,1,0,0,0
@investigator_RI betul dan semua pihak yg menentang si cina kafir ahok akan di kriminalisasi oleh polisi dgn smua rekayasa hukum nya,1,1,0,1,0,0,0
saya ga habis pikir kenapa fanboy ahok bego bego ya pada ga ngerti sejarah. Gampang kejebak iklan. Maaf ya.,1,0,0,1,0,0,0
@Zufrianto3 lebih baik pilih ahok drpd pilih yg se iman tp koruptor dn munafik !! Bodoh kau,1,0,0,1,0,0,0
Ahok si penghina Al - Qur'an dan Ulama ini selalu bersikap menjijikkan yaitu sok suci dan merasa paling benar ,1,0,0,1,0,0,0
Hidup china komunis ! ,1,1,0,1,0,0,0
Ini tuh kesalahan Jokowi dan Ahok si babi ateis. ,0,0,1,1,0,0,0
Kalo ahok menang pilkada bikin video sex bareng anaknya dong tan.? ,1,0,0,1,0,0,0
Keluarga Besar Kami Yang Berdomisili di Jakarta TIDAK PILIH AHOK!! Suara Ulama Bulat! #HaramPilihAhok #JanganGolput,1,0,0,0,0,0,0
RT @indopoints: china babi... china maling...#UsirChina ,1,1,1,1,0,0,1
tangkap ahok dan klompok nya yg melakukan pemalsuan e KTP karna merupakan penghiyanat bagi bangsa dan negara,1,0,0,1,0,0,1
Tangkap Ahok Sekarang Juga Share Jika Setuju !!!,0,0,0,0,0,0,1
Video Ahok Menghina Agama Kristen Agama Konyol #AhokPecahBelahBangsa,1,0,0,1,0,0,0
Bukan Hanya Penista Agama Bagi JPU Ahok Pemecah Belah Bangsa ,1,0,1,1,0,0,0
Nomor 1 sok tau lagi lansung di skak wkwkwk #DebatFinalPilkadaJKT,0,0,0,1,0,0,0
RT @Gemacan70: Ayoo jaga keutuhan NKRI!!! Tangkap Penista Agama!!! #StopKriminalisasiUlama ,1,0,0,1,0,0,0
Lupuz0503: Terlihat salah satu pendukung mafia koruptor dan penista agama A24 para gerombolan BANCI TITOT lakukan bidikan ke arah,1,0,0,1,0,0,0
RT @UstadTengku: Ya Allah Jika Mereka Menempuh Cara2 Curang utk Memenangkan Si Penista Agama Engkau Kirimkanlah MALAIKAT MAUT Utk menyeles\u2026,1,0,0,1,0,0,1
Kebanyakan fitnah nih mpok silvy #DebatFinalPilkadaJKT #Gue2,0,0,0,1,0,0,0
FPI: Pendukung Ahok kalah jumlah  dengan izin Allah kita gusur Gubernur koruptor dan penista agama ,1,0,0,1,0,0,1
#JakartaBanjir Pemimpinnya gak punya akhlak yg baik... PENISTA AGAMA. ,1,0,0,1,0,0,0
RT @felixsiauw: tapi twit begini asik lo  kita jadi tau yang mana akun-akun pro-penista agama  akun-akun buzzer yang kerjanya menghujat :),1,0,0,1,0,0,0
DivHumasHansip: ahoker siap bela penista agama A35,1,0,0,1,0,0,0
RT @alwinazar24: sepertinya CUCUnya DAJJAL telah hadir,0,0,1,0,0,0,0
Mereka Siang MALAM Maki2 Ulama Kita  Nongkrongi Medsos Ulama2 Bela PENISTA Agama yg SOMBONGNYA Minta AMPUN.,1,0,0,1,0,0,0
RT @Jhonkosmik: Ada apa dengan mayoritas etnis China di DKI?Mengapa begitu solid mendukung penista agama Islam?Dendam?Tidak nasionalis?,1,0,0,1,0,0,0
Mukanya mpo Silvy Asem bangett ngakak kena deh abis jahat sih #DebatFinalPilkadaJKT,0,0,0,1,0,0,0
RT @GodinJ760478: @tempodotco gara2 belain terdakwa penista agama jadi remek semua. Sukurin,1,0,0,1,0,0,0
RT @Chaeruddin_B: Sekumpulan Teman Penista Agama Tdk ada empati buat korban banjir  hanya koar2 memuji junjunganya ,1,0,0,1,0,0,0
RT @TerorisSocmed: PENJARAKAN PENISTA AGAMA !!! ATAU @jokowi TURUN !!! ,1,0,0,1,0,0,1
Si penista agama  Jaga mulut aja gabisa apalagi jaga jkt?,1,0,0,1,0,0,0
Ahok : program paslon no. 1 ini programnya ngambang | yaiyalah pakkk gak ada program diaa cma ada celaan #DebatFinalPilkadaJKT,0,0,0,1,0,0,0
Akui saja Ahok dan Djarot kalian gagal atasi banjir.Orang kena banjir anda sibuk sidang kasus penista agama,1,0,0,1,0,0,0
RT @87_julay: Iyaa... Ahog Ngak pantes jadi pemimpin.. Pantesnya penista agama dipenjarakan!!! ,1,0,0,1,0,0,1
RT @wongawas: Overdosis @Metro_TV membela penista agama. ,1,0,0,1,0,0,0
Kaga masuk diakal kite kalo suara seorang penista agama yg dah dikutuk ame umat islam suara nye bisa tinggi  emang sengaja ditinggiin tuh,1,0,0,1,0,0,0
RT @andreobz: Pantasan di pecat dr menteri...data2 aj ngawur dan memkasakan betul..hahaha #AhokPastiTumbang #paslon3 #pilgubdki,0,0,0,1,0,0,0
RT @BangsaPenguasa: Penjarakan ahoax penista agama atau jokowi turun.#KonsolidasiDewanPKB ,1,0,0,1,0,0,1
Napa dibiarin tim si penista agama maen curang maren  emang sengaja dibiarin biar ntar digaplok umat islam rame2 se jakarta tuh penista,1,0,0,1,0,0,1
Hahahahhahaa silvy ohh silvy cacingan amat loe ahhh wkwkwkwkwkk #DebatFinalPilkadaJKT,0,0,1,0,0,0,0
"RT @Rakyat_Angin: Ahok Taik. \""MENFITNAH\"". Emang lu tukang caci maki perempuannn!! Asuuu #AhokPastiTumbang #DebatFinalPilkadaJKT,1,0,1,1,0,0,0"
RT @HasanArisandi: #AhokPastiTumbang fakta di bilang fitnah #DebatFinalPilkadaJKT,0,0,0,1,0,0,0
Shame on you silvy !! Ga malu fitnah?? Tuh rasain pak ahok panas  skak mat #DebatFinalPilkadaJKT,0,0,0,1,0,0,0
Bu silvi anti pns level rendah katanya #DebatFinalPilkadaJKT,0,0,0,1,0,0,0
RT @AnnisaFYtr: Hanya Orang Islam Yang Bodoh dan Goblok Yang Memilik Ahok! #DebatFinalPilkadaJKT,1,0,0,1,0,0,0
DivHumasHansip: fitnah FPI pecah adalah ulah ahoker yg melihat elektabilitas ahok tinggal 10% mereka kelojotan melihat MUI NU Muhammadi,1,0,0,1,0,0,0
Norak banget iklan mantan mendikbud @aniesbaswedan ini. Tambah gak respech.. inilah tenun kebangsaan yg dia maksud.\u2026 ,1,0,0,1,0,0,0
RT @DivHumasHansip: yg nebar kebencian itu ahok mbak masa mbak gak tau sih sampai dia jadi terdakwa loh @AnizzahGedrun,0,0,0,0,0,0,0
pertanyaan dari Bu Sylvi gak mutu amat. #DebatFinalPilkadaJKT,0,0,0,1,0,0,0
Huuu sylvi tak tahu apa-apa asal ngoceh #NobarAhokDjarot #DebatFinalPilkadaJKT,0,0,0,1,0,0,0
Sylvi keliatan bloonnya #DebatFinalPilkadaJKT,0,0,0,1,0,0,0
RT @WanitaRevolusi: Ahoax penista agama kembali mengolok olok surat AL-MAIDAH 51. Cc @Dahnilanzar,1,0,0,1,0,0,0
#JakartaBanjir Pemimpinnya gak punya akhlak yg baik... PENISTA AGAMA.,1,0,0,1,0,0,0
#DebatFinalPilkadaJKT mati kau hok,0,0,0,0,0,0,1
Yg ga punya program bisanya cuma fitnah. Ciri Orang yg demen ngambil kjp kontan #DebatFinalPilkadaJKT,1,0,0,1,0,0,0
Mpok silvi nyinyir melulu pertanyaan nya tapi sayang sesat! Maklum sih dese emakemak! #DebatFinalDKI #DebatFinalPilkadaJKT,0,0,1,1,0,0,0
RT @bajigurceleng: @jpnncom hahaha jelas2 buat pilkada dasar polisi made in cina pelindung penista agama,1,1,0,1,0,0,0
Kurangnya pemberdayaan wanita DKI Jakarta bisa dilihat dari telaknya perbedaan warna muka dan warna tangan mpok sylvi #DebatFinalPilkadaJKT,1,0,0,1,0,0,0
Agus silvy Tukang Fitnah #DebatFinalPilkadaJKT,1,0,0,1,0,0,0
#DebatFinalPilkadaJKT yaudah gus sini kalo ga sakit secara fisik daripada verbal gw gebukin lo rame2,0,0,0,0,0,0,1
Keluarga kita gak ada yg maling coyy gak perlu trauma kaleeeee emang kluarga ente?,0,0,0,1,0,0,0
JG KAITKAN JOKOWI DENGAN AHOK KATA JOHAN BUDI. KATA KAMI. SEBAB JOKOWI ANJING. SEDANGKAN AHOK BABI. YA JELAS BERBEDA. WALAUPUN OTAKNYA SAMA,0,0,1,0,0,0,0
Bajingan lu silvy #DebatFinalPilkadaJKT,0,0,0,1,0,0,0
Hasil Akhir  Menyatakan @jokowi Melindungi Ahok TERDAKWA PENISTA AGAMA !!!,1,0,0,1,0,0,0
RT @SiBonekaKayu: Selepas banjir Jakarta 212 Pendukung Ahok mengganti narasi doa. Semua demi keuntungan Sang Penista Agama,1,0,0,1,0,0,0
Tionghoa katanya kaya? Kok pada putus sekolah? Kebanyakan dugem?,1,0,0,1,0,0,0
Gusur Ahok demi Indonesia. Teladan buruk pembangkangan hukum dan anti kemanusiaan di Jakarta jgn tertular ke daerah. #CoblosPecinya,1,0,0,1,0,0,1
BUAT AHOKER YANG TAKUT MATINYA GG DISHOLATIN  TENANG ADA ABU JANDA UST GADUNGAN YG SIAP SHOLATIN AHOKER & JOKOWER,1,0,0,0,0,0,0
Mampuuss ! Di tembak dalem banget silvyy .. lo urusin tuh dapurr ! Gak punya program demennya nyerang terus !!! #gue2 #DebatFinalPilkadaJKT,1,0,0,1,0,0,0
Anjir baru kali ini lihat orang bego mau debat pilkada. Kerjanya nyerang karakter. Shame on you mpok silvy and agus. #DebatFinalPilkadaJKT,1,0,0,1,0,0,0
Uang Taipan tuh. Nanti dibayar dengan ratusan penggusuran biadab oleh Ahok.,1,0,0,1,0,0,0
CINA ASU ,1,1,0,1,0,0,0
Ketika ngomong  Sylvi keliatan oke. Tapi begitu didebat Ahok Sylvi langsung kekuatan goblok.,1,0,0,1,0,0,0
Jangankan Banjir  Tuhan aja Dilawan Sama Ahok #JakartaBanjir Tapi Jakarta hari Ini Bukan Banjir  Hanya GENANGAN.,1,0,0,1,0,0,0
ADA PEMIMPIM PRIBUMI knp pilih PEMIMPIN IMPOR yg g BERADAB tukang BERBOHONG yuk PRIBUMIKAN DKI milik BANGSA IND @Gemacan70 @TerorisSocmed,1,0,0,1,0,0,0
Karna dia ga punya program hanya modal bacot doang,0,0,0,1,0,0,0
Pendukung berarti dia bagian dr penista agama tersebut!!! Dukung gerakan ini 100%,1,0,0,1,0,0,0
Narkoba yg paling berbahaya adalah ILUSI KESUCIAN AHOK SANG PENISTA.,1,0,0,1,0,0,0
@tribunnews emang ahok siapa?? Orang penting?? Dia hanya penista agama!!,1,0,0,1,0,0,0
cina mah duitnya dari hasil maling di Indonesia di balikin lgi berkedok invest plus bawa gembel2 & napi dari Cina negeri nenek moyang ahok,1,1,1,1,0,0,0
Tangkap Ahok @basuki_btp skrng juga  koruptor reklamasi Jakarta dan penista Agama Islam.,1,0,0,1,0,0,1
keliatan banget bego nya mpok silvy and agus. #DebatFinalPilkadaJKT,1,0,0,1,0,0,0
Yg Ahokers  Klo gak seneng ama cuitan gw silahkan unfollow krn gw Anti AHOK (Si Penista Agama Islam),1,0,0,1,0,0,0
AGAMA DI NISTAKAN! ULAMA DI LECEHKAN!! Ini Alasannya #HaramPemimpinKafir,1,0,0,1,0,0,0
RT @FredyBastian3: Cara serang Ahok : Kafir galak,1,0,0,1,0,0,0
@umnia77 @ruhutsitompul @sahal_as anjing2 ahok.kaum babi lo bnyk bacot.mnding duel sma gw.,0,0,1,0,0,0,0
Ahok memang verbalnya keras. Pelampiasan dan pelarian karena kelelakiannya lunak.,0,0,0,1,0,0,0
yg maling itu kan china2 babi BLBI   korupsi nya triliunan   termasuk si AHok korupsi 2 triliun..,1,1,1,1,0,0,0
Mimpi djan farid jakarta lebih islami dari aceh jika ahok terpilih itu ibarat babi merindukan halal,1,0,1,0,0,0,0
@KompasTV @ridwankamil ridwal kamil memang hebat dan top nggak kaya ahok tukang penista agama dan koruptor,1,0,0,1,0,0,0
@TPK_RI ITULAH si ahok kutil babi,0,0,1,0,0,0,0
Dasar si Kutil babi ahok memang Tukang Bohong. selain Bohong ahok jg biasa Menyalahkan yg lain menutupi Kegagalan nya . contoh soal banjir,1,0,1,1,0,0,0
@PonkEcha @Fahrihamzah Si Terdakwa Penista Agama Alias Si Ahok Babi Jamban tuh yang Morfotin Uang Rakyat Jakarta,1,0,1,1,0,0,0
Om...Ahoknya...Mana Om Katanya Si BABi Ahok Bisa Ngatasi Banjir...Om...BABi Jgn Membual Om...?!!?,1,0,1,1,0,0,0
kenapa anak babi jalan nya nunduk???karena malu liat ulah bapak nya yang ngebelain ahok..,0,0,1,1,0,0,0
Perilaku Si BABI @jokoanwar ini memang benci dgn hal berbau Islam. Cocok dgn Ahok. @SiBonekaKayu,1,0,1,1,0,0,0
@budimandjatmiko ahok si kutil babi kembali ke rumah lembang kenapa jakarta jadi banjir bud?,1,0,1,1,0,0,0
#jujur orang cerdas dan pintar pilih orang imam dan mampu memimpin ..bisa sholat...bisa ngaji..santun  sopan..tidak seperti babi kafir ahok,1,0,0,1,0,0,0
Teman Ahok emank TAI. apalagi pemimpinnya kek BABI! @temanahok,1,0,0,1,0,0,0
Mana para babi ahok yg ngejek onta  biar di injek2 ama onta,0,0,0,1,0,0,1
@gotcancer2 bukannya stigma babi itu milik tuhan elu si ahok kafir,1,0,1,1,0,0,0
Kampungan ya pendukung AHY ,0,0,0,1,0,0,0
udah lu jgn panik gitu. ahok si kutil babi bakal tumbang kok di putaran kedua. teruskan cuapcuap mu di sosmed  gak ngaruh.,1,0,1,0,0,0,0
ahok tidak layak seperti manusia  dia lebih tepat seperti babi yg tidak punya akal pikiran dan jiwa manusiawi,0,0,1,1,0,0,0
@haloJakarta Ahok (BTP) Basuki Tai Babi,0,0,1,1,0,0,0
RT @diyahaudya: @yusuf_dumdum Yg ada  cacimaki penista agama tapi ternyata ketauan poligami ngumpet2. Apa mau digituin? Saya sih ogah.,1,0,0,1,0,0,0
iya   trump memang penista agama atau anti islam emang hubungannya dgn anis apa?,1,0,0,1,0,0,0
adichandramang2 Ada aseng KOPLO pembela si PENISTA AGAMA yg durjana nyuruh org lain ngaji!,1,0,0,1,0,0,0
 Itulah kebodohan para penista agama  sudah saatnya pilih pemimpin yg mengerjakan shalat 5 waktu,1,0,0,1,0,0,0
@iwanfals pilih Anis sandi doong..jgn pilih si penista agama pemecah NKRI,1,0,0,1,0,0,0
Emang terdakwa penista agama  salahnya dimana coba  kl yg biasa bikin hoax metrotipu aman2 aja tuh dewan peres,0,0,0,1,0,0,0
@RamadanMalka Pamor RK jadi seakan tak ada artinya jika parpol pengusungnya pendukung penista agama...,1,0,0,1,0,0,0
@RestySeterah si ahok pantasnya dinobatkan sbgai Babi ngepret,0,0,1,0,0,0,0
yg salah itu mereka menulis TERDAKWA PENISTA AGAMA coba klo ditulis BAGINDA YANG MULIA pasti ga masalah..cuih.,0,0,0,1,0,0,0
Faktanya Cina2 parasit tuh ngotot belain si penista Agama @PradanaBhakti @IrianaPasirua @PutraSumedang18 @khoirulilham12 @ronavioleta,1,0,1,1,0,0,0
jokowi ratu adil apaan..??? dia ga ada keturunan darah biruadanya DARAH KOTOR cina babi..!!! ,1,0,1,1,0,0,0
RT @RestySeterah: Keren nih apps kawal TPS .. Yuk gabung buat pastikan cagub terdakwa penista Agama lebih cepat diantar kehabitatnya,0,0,0,1,0,0,0
Kalau lo gak tau apa-apa ya jangan berkoar sembarangan dong  keliatan banget kalau lo itu beneran bego :)) #FuckYou,0,0,0,1,0,0,0
@AHMADDHANIPRAST ahmad dhani yang terhormat paling babi paling anjing aing kontol paling lonte tungu saat nya karier mu akan habis!!!!,0,0,1,0,0,0,0
Kang @ridwankamil  fakta hari ini partai pendukung si penista agama sangat dibenci rakyat termasuk rakyat Jabar. ,0,0,0,1,0,0,0
plis jangan sok kecantikan selalu pacarin artis2 yang lagi meletek  jijik gw liatnya,0,0,0,1,0,0,0
paling mau muntah liat lagak nya @AHMADDHANIPRAST  jadi orang sok iye banget hoek,0,0,0,1,0,0,0
@Metro_TV kalau boleh saya ngomong ingin saya katakan ahmad dhani monyet babi anjing. tapi itu tidak boleh,0,0,1,0,0,0,0
perempuan kaya lo mending mati aja deh  jelek aja  gausa sok jadi make up artist!,1,0,0,0,1,0,1
ahmad dhani itu borok sampah  babi  anjing. Saya adalah orang pertama yg sangat muak liat muka dhani dan saya berbangga.,0,0,1,0,0,0,0
Lah emang sdh jelas2 si ahok terdakwa penista agama. Malu woy! ,1,0,0,1,0,0,0
Keputusan ERKA hari ini harus kita HORMATI  begitupun sebaliknya KAMI tidak akan memilih partai pendukung PENISTA AGAMA.,1,0,0,1,0,0,0
Lupakan @ridwankamil biarkan karam dg kapal munafiknya. kita bangun jabar dg kapal yg bersih. Delete partai pendukung penista agama dari hati,0,0,0,1,0,0,0
Masalah dunia dan masalah nafsu ya kang @ridwankamil . Kata2 kok bersayap kayak burung hantu. ,0,0,0,1,0,0,0
Penista Agama menjadi Santri Kehormatan.Yang kasih ini ke ahok otaknya perlu direparasi.Demi Pulkada nama Santri yg baik kailan jual belikan,1,0,0,1,0,0,0
Payah banget @ridwankamil maju Jabar1 pakai partai Nasdem pendukung penista agama  ente lagi butuh uang ya kang? Payah loe!!,1,0,0,1,0,0,0
polisi yg jadi imam sholat ini adalah seorang penista agama bodoh  BERISLAM cuma ikut2an. COPOT KAPOLRES JAKBAR !!,1,0,0,1,0,0,1
RT @ferdyfrodoo: @bayprio Itulah kebodohan para penista agama  sudah saatnya pilih pemimpin yg mengerjakan shalat 5 waktu,1,0,0,1,0,0,0
RT @Ra_Ria_Rana: GAK HABIS PIKIR???TINGGAL NUNGGU ADZAB ALLAH NIH NEGERI  PEMIMPINNYA SDH DZALIM ,0,0,0,1,0,0,0
Sini lu  kami enggak mau kampung kami didatangi sama penista agama,1,0,0,0,0,0,0
SETUJU SAYA KLAU AHOK DAPAT GELAR SANTRI KEHORMATAN.... TAPI SANTRI KEHORMATAN BABI.... ,1,0,1,0,0,0,0
Senang dong ada yg fans mati sampai lupa kalau dia bego banget ,0,0,0,1,0,0,0
@AHMADDHANIPRAST LO TUH BABI ANJING. Mampus kalah jatuh miskin deh #bekasisah,0,0,1,1,0,0,0
@bayprio : Si AHOAK @basuki_btp CINA ANJING KAFIR PENISTA AGAMA ISLAM....!!!,1,1,1,1,0,0,0
aku katakan anjing kpd ahmad dani  boleh....aku katakan babi kpd ahmad dhani  boleh?,0,0,1,0,0,0,0
haha memaki untuk melawan mah harus  drpd ditindas pemimpin munafik melindungi penista agama  dll. Agama no 1 (islam)  taubat rot,1,0,0,1,0,0,0
pikiran anak bani kampret g beda jauh sma penista agama. Penfitnah  Penipu Dan Garong.,1,0,1,1,0,0,0
@Gemacan70 itu yg cewe pake kerudung ngapain ya? Setiap kali konfrensi pers ada aja.. Pencitraan Islami kaliiii... Bwahaha..!!,1,0,0,1,0,0,0
@republikaonline spt ahok dulu .. nasdem disusul dg cs nya .. yg mendukung paslon penista agama dan tukang caci maki tai tai ..,1,0,1,1,0,0,0
@topan_julian1 kalo mecin jangan dijadiin cemilan mangkannya kang. Jadi begonya bego banget.,0,0,0,1,0,0,0
@ulinyusron cm didoain kalau saya mah ketemu si penista agama langsung saya ceburin laut yg direklamasi ijin sembunyi2 buat tumbal reklamasi,1,0,0,1,0,0,1
cabe2an bisa nya hanya bbm.n facrbook.n!! Masalah politik mana tau doi  tau nya berita2 sampah pencitraan,1,0,0,1,0,0,0
INI MANUSIA APA ANJING MATI-MATIAN RELA JADI MURTADZ DEMI BABI AHOK KAFIR.,1,0,1,1,0,1,0
ini semua berawal dari AHOK JAMBAN yg dibela aparat  para kristen serta china kafir yang lain semakin berani menghi ,1,1,1,1,0,0,0
Kami lebih resah anda jd presiden!!!! hidup anda penuh drama dan pencitraan  main FTV aja joko judulnya ,0,0,0,1,0,0,0
Mana bisa percya lagi sdgkan induknya penista smp skrg lum ditahan tp malah dibela.,0,0,0,1,0,0,0
Mari seluruh Muslim CYBER Army mulai skrg ganti semua sebutan A....K menjadi Terdakwa Penista Agama !,1,0,0,1,0,0,0
Orang Islam lebih suka si HOAX penista agama  menjaga lisan dan tindakan dari hal-hal yang merusak hubungan?,1,0,0,1,0,0,0
RT @izzah_pandeka: #Nomor2Koruptor negeri para korup diasuh cino babi ,1,1,0,1,0,0,0
RT @Gemacan70: Hajar bleh hanya untuk bela #Nomor2Koruptor...cuihhhhhh ,1,0,0,1,0,0,0
RT @korban_gusur: @RakyatBiasa1945 Ada CEBONG GENDHENG NGAMUK2 belain si HOMO PENISTA AGAMA!! HAHAHA @OshMuslim @RebusKentang @m3g4,1,0,0,1,0,0,0
RT @Ustadtengku1: @RizieqSyihabFPI tolol itu banyak yg bela penista agama walau sudah tersangka,1,0,0,1,0,0,0
Orang punya saksi anjing dikasus babi.. Tolol ,0,0,1,0,0,0,0
Si Ahok kampret emang gak becus kerja. Pencitraan mlulu tuh si Ahok kampret. ,0,0,1,1,0,0,0
Tanda2 kiamat x yak  masih banyak aja orang muslim yg mengingkari Al-Quran dan pilih Penista Agama. #Nomor2Koruptor #Nomor2Koruptor,1,0,0,1,0,0,0
#JanganMauDibohongiAhok sebab Ahok Sumber Kekacauan Politik  Ramaikan Aski 313 FIGHT!!,1,1,0,1,0,0,0
#MataNajwaDebatJakarta Anies anda SADIS. Topengmu terbuka lebar malam ini. Biar warga DKI yg menilai...apa yg anda katakan adalah PENGECUT,0,0,0,1,0,0,0
Anies congornya aja gede. Realisasinya gak ada. Janji terus dari awal bisanya paling korupsi. Balik jadi dosen aja bangsat.,1,0,0,1,0,0,0
#MataNajwaDebatJakarta Hebatnya  Ahok masih mau salaman loh sm Pak Anies yang Amat terhormat. Idih gw sih ogah.,0,0,0,0,0,0,1
#MataNajwaDebatJakarta kalau untuk urusan bacot memang anis nya juaranya..memang kita bakal makan bacot di jakarta..haha..paslon yg aneh gede bacot doang.,0,0,0,1,0,0,0
#MataNajwaDebatJakarta pak anies banyak omdo dulu waktu jd menteri terobosannya apa?? skrg ngomong ky sok Jago bgt,0,1,0,1,0,0,0
#MataNajwaDebatJakarta si Cina Babi ahok bloon banget. Sok pinter banget lagi. Asal bukan Ahok,0,0,1,1,0,0,0
#MataNajwaDebatJakarta lucu banget jawaban ahok.. gak nyambung. Ditanya apa di jawab apa. Kena skak mat d pertanyaan isu agama tdi. Dasar cina tolol hahaha,1,1,0,1,0,0,0
#MataNajwaDebatJakarta topeng anda hari ini fix terbuka @aniesbaswedan .. anda sama dgn yg mendukung anda.. BAU BUSUK,0,0,1,1,0,0,0
#MataNajwaDebatJakarta Pak Anies suka nyinyir  suka memutar balik kan fakta  ga punya program yg jelas bisanya jelekkan kinerja pak Basuki,0,0,0,1,0,0,0
Babi... iya memang si Ahok gak jauh kayak Babi..,0,0,1,0,0,0,0
Si tengkuk babi sipit bangke agen dajjal mau jadi onta hahaha. Orang waras juga tau kasus ahok dipaksakan!!,0,1,1,0,0,0,0
itu kan kata ahok kafir..umat islam anti ahok karena ahok itu kafr ditambah ahok itu cina yg suka makan babi & bir,1,1,0,1,0,0,0
"gw harus bilang Babi Ahok apa dong selain kafir gw hanya pengen gerombolannyA Babi Ahok merasakan bagaiamana klo di anjing2in	 Bangsat2in,0,0,1,1,0,0,0"
sibabi china sangat biadab memperlakukan kaum PRIBUMI dan para jongon2 spt banser & nu nusantara mendukung ketimpangan ini biadabnya mrk!  dan para jongon2 spt banser & nu nusantara mendukung ketimpangan ini  biadabnya mrk!,1,1,0,1,0,0,0
ahok kafir takut debat dengan rakyat asli pribumi nelayan dan para pakar reklamasi dari rakyat.. ahok kafir bencong,1,0,0,1,0,0,0
nampaknya sudah satu paket penyokong cina babi pasti juga sokong LGBT,1,0,1,0,0,0,0
kebiadaban ahok cina kafir anak2 rakyat kecil pribumi dan ibu2 islam semua digusur dari rumahnya serta kehidupannya,1,1,0,1,1,0,0
tim ahok yg otak wc otak tumpul justru anies itu sdh komit sekali dgn pancasila  ahok kafir sgt tdk bs berpancasila,0,1,0,1,0,0,0
#MataNajwaDebatJakarta Pak Anies sudah meninggalkan ketenangan dan ketulusannya dalam debat malam ini  mjd agitatif dan licik. semoga kalah kau anjing,0,0,1,1,0,0,0
"SELAMA PROSES #SidangAhok WASPADAI ULAMA2 KUBU AHOK..YAKNI ULAMA2 ""MUNAFIK"" YANG SESAT DAN MENYESATKAN..!!,1,1,0,1,0,0,0"
anies akan merangkul dua2nya untuk persatuan tidak spt ente dangkal & cekak intelektual hanya jadi budak ahok kafir.,0,0,0,1,0,0,0
kebiadaban ahok cina kafir rakyat kecil yg jadi PKL & asongan2 digusur2 dan dianiaya spt teroris  ahok kafir biadab,1,1,0,1,0,0,0
RT @LeonartoRabono: tapi kenyataanya jutaan rakyat kecil asli pribumi yg miskin justru semakin dimiskinkan oleh ahok cina kafir....,1,1,0,1,0,0,0
Itulah Indonesia. Yg dibully org yg bener.Yg salah dan binatang2 seperti nomor tiga dibiarin berkeliaran #matanajwadebatjakarta pak an ,0,0,1,0,0,0,0
#SidangAhok smg sipenista agama n ateknya matinya tdk wjar n jasadnya tdk dtrma tnh n dia tdk prnh mrs kn sorga aamiin semoga tuhan setuju,1,1,0,1,0,0,1
"iya kelasnya penista agama bs nya cm ngebacot doang yg arogan sk blg taik"" nenek lu oh ya sumber waras n nama d kasus E ktp apkabar?skakmat,1,1,0,1,0,0,0"
Penjarakan semua cina kafir dan ateis! Termasuk Ahok pemimpin babi tukang korupsi!,1,1,1,1,0,0,1
Kampanye rasis ngmg nya pihak ahok yg di untungkan.. Goblok kafir mana ada di untungkan.. Kalau pada di perkosa bunuh lu enak berduit,1,1,0,1,0,0,1
hahaha idiot bilang kpd orang2 kafir terurama para nasrani pendukung2 ahok kafir jangan memasuki wilayah2 syariat islam,1,1,0,0,0,0,0
I HASIL MAKMAK KALIAN JUAL PUKINYA. BAGI KSLIAN YG BERPIHAK KEPADA PKI DAN SI AHOK ANAK CHINA ANJING KAFIR INI. SERTA NKRI BUKAN DIDAPAT,1,1,1,1,1,0,0
Tim pendukung sakit jiwa  kehilangan akal sehat & ide #IklanAhokJahat,0,1,0,1,0,0,0
#IklanAhokJahat Hati hati Mereka Mulai Prustasi dan Memainkan Cara cara Kasar !! Karena hasil dari berbagai survei si penista agama kalah!!,1,1,0,1,0,0,0
"HOOKK  masuk gorong"" aja loe #IklanAhokJahat,0,1,0,0,0,0,0"
Kayak gini nih kampanye Tim AniesSandiUno ke kampung2 mengintimidasi masyarakat. Kampungan ye? #ASUtenan,0,0,1,1,0,0,0
SI KUTIL BABI TELAH MELECEHKAN PRIBUMI DAN UMAT ISLAM #IklanAhokJahat,1,1,1,1,0,0,0
NGOMONG AJA ENTE SAMA KACA! MEMECAH BELAH KERUKUNAN LAGI HOK ENTE BISANYA. NGACO! #IklanAhokJahat,1,1,0,1,0,0,0
#iklanahokjahat Terorist nyata di Indonesia... Bukan wahabi  bukan Onta Tapi Babi Babi milik Cina Penebar Teror sesungguhnya....,1,1,1,1,0,0,0
RT @TerorisSocmed: Sadarlah wahai anak Bangsa  Ibu Pertiwi Sedang Diporakporandakan Oleh Manusia BIADAB @basuki_btp Sebagai Aktor Utama,1,0,0,1,0,0,0
Sepertinya gerombolan @basuki_btp rindu kerusuhan  hati2 dikabul Tuhan #IklanAhokJahat,1,1,0,0,0,0,0
Ahok and Bani serbet and wereng Coklat MEMANCING UMAT MUSLIM supaya marah? dengan #IklanAhokJahat. KALIAN ITU KUMPULAN ORANG SINTING,1,1,1,1,0,0,0
#IklanAhokJahat baru ada direzim jokopret setan iblis dajjal dibangkitkan dr kuburnya. Mereka gembira berpesta pora setelah lama dibelenggu,1,1,1,1,0,0,0
Yang anti cina & mau ganyang cina tuh siapaaaa..??? kami cuma anti AHOK sang Penista Agama! #kampanyeAhokJahat #IklanAhokJahat #kampanyeSARA,1,1,0,1,0,0,0
Tahukah Anda apa persamaan antara malin kundang dengan Ahok? mereka berdua sama-sam DURHAKA!!!!!!! #ASBAK #iklanahokjahat #kampanyeahokjahat,0,1,0,1,0,0,0
HADUH KELAKUANMU HOK  SOK-SOKAN MENJAGA KEBERAGAMAN PADAHAL PROVOKATOR & RASIS!! #IklanAhokJahat,1,1,0,1,0,0,0
RT @sarwandi_sr: #IklanAhokJahat bikin darah mendidih. bangsat penuh dengan propaganda. emang lo kira islam radikal ?Kalau kami mau,1,1,0,1,0,0,0
Kapolda Babi! Biadap dan Bodoh! Gak punya otak kali.,0,0,1,1,0,0,0
Jangan2 lagi deh @basuki_btp hina islam  anda itu manusia hina dibandingkan agama yang mulia  anda bukan siapa2 & bukan apa2 #IklanAhokJahat,1,1,0,1,0,0,0
AHOK KAFIR DAN BUDAK2NYA ATAU ANJING2 NYA HANYA SEBAGAI SAMPAH AGAMA ISLAM DAN SAMPAH MASYARAKAT,1,0,1,1,0,0,0
umat agama islam dijakarta sangat haram dan sangat najis sekali dengan ahok kafir kristen...,1,0,1,1,0,0,0
19 april CNN kibarkan bendera kuning atas kematian ahok-djarot....,0,0,0,1,0,0,0
itulah akibat ulah orang2 kafir nasrani persis seperti ahok kafir yg melarang jilbab kepada anak2 sekokah di jakarta....,1,0,0,1,0,0,0
baswedan pantas jadi gubernur jakarta dan komisioner KPK..... ahok kafir pantasnya jadi germo di alexis....,1,0,0,1,0,0,0
RT @yudijannis: #IklanAhokJahat bagaimana klo kita ganyang beneran hok?itu sih maunya elo ya hok adu domba pribumi dengan tionghoa!!jangan,1,1,0,1,0,0,1
masalahnya djarot tidak bisa memikirkan rakyat kecil pribumi bisanya hanya membabu kpd cina2 betul2 songong jongkok.,1,1,0,1,0,0,0
otak wc otak babi yg menerima ahok kafir & kamu  ahok kafir bkn sekedar menghina sdh anggap islam itu sampah,1,0,1,1,0,0,0
DALAM PUTARAN DUA NANTI JIKA SAMPAI AHOK KAFIR CURANG UMAT ISLAM SUDAH KOMITMEN JAKARTA AKAN DIJADIKAN LAUTAN API  SUDAH TIDAK MIKIR HUKUM,1,1,0,1,0,0,0
#IKLANAHOKJAHAT AHOK MENCIPTAKAN BARA API ANTARA RAKYAT PRIBUMI DENGAN TIONGHOA YG DIBALUT DENGAN PHOBIA.... AHOK KAFIR RASIS...,1,1,1,1,0,0,0
jangan heran pemerintahan jokowi sekarang ini budaknya kulinya cina2 ahok kafir dan 9 naga...,1,1,0,1,0,0,0
Ya itu namanya cawgub goblok gak ngerti peraturan debat....kelihatan bego dan liciknya itu sandiaga uno.,0,0,0,1,0,0,0
BODOH jika para pendukung ahok yg Muslim tidak tersinggung sama sekali ! Tapi bisa aja sih Qur'an d hina saja mrka diam #IklanAhokJahat,1,1,0,1,0,1,0
Gubraaaaak!!!! Malu liatnya... Untung semalem debat ga kaya MATA NAJWA.. Coba kalo formatnya sama pasti Ringsek dah pasangan ASU...,0,0,1,0,0,0,0
YG JELAS OTAK AHOK-DJAROT SUDAH SANGAT TUMPUL SANGAT LOYO DAN STRESS..... SUDAH JEBOL HARUS DICOPOT DAN DIGANTI.....,0,0,0,1,0,0,0
AHOK KAFIR BUKAN HANYA MALING TAPI JUGA GARONG LAHAN LAUT MILIK NELAYAN DIRAMPOK & DIRAMPAS UNTUK REKLAMASI YG MENGUNTUNGKAN CINA2 KAFIR..,1,1,0,1,0,0,0
Sumpah bego bgt sih kesel gue. Kenapa ada org yg vote makhluk kayak Sandiaga Uno coba. Oh agama,0,0,0,1,0,0,0
responden2 yangg goblok2 belum faham & juga wartawan beritasatu juga goblok  nanti klo anies-sandy sudah memimpin sangat mudah,0,0,0,1,0,0,0
FPI RENOVASI MASJID ITU SANGAT TEPAT  AHOK KAFIR KRISTEN NGAPAIN NGURUSI MASJID2 APA HUBUNGANNYA.....,1,0,0,1,0,0,0
MENGAPA ahoker KRISTEN & MUNAFIK tidak berhenti mengolok2 GEREJA stiap hari? Apakah mereka memang dibriefing ahok untuk menghina si BUMI DATAR?,1,0,0,1,0,0,0
uma surveynya si Botak yg menangkan Ahok. Karena apa? Karena dia Cina Kristen. Bukti kalo si Botak dukung sesama Cina Kristen,1,1,0,1,0,0,0
AHOK PEMECAH BELAH UMMAT  AJARAN KRISTEN KONYOL  demi meraup suara muslim  JELAS AHOK INI RASIS  PKI TULEN,1,1,0,1,0,0,0
Woy @aagym lu udah nonton yang ini? Fitnah? Pale lu peyang gym. ,0,0,0,0,0,0,0
Ahok :memilih pemimpin Berdasarkan agama melanggar konstitusi. Sebaiknya BABI INI DI BUNGKUS aja  CONGORNYAPECAH BELAH UMAT BERAGAMA.,1,1,1,1,0,0,0
Saya pribumi  Kristen dan mendukung Ahok. Tapi saya paling anti dengan manusia2 bodoh dan goblok seperti Steven Hadisurya Sulistyo.,0,0,0,1,0,0,0
Maksudnya terbukti KORUPSI dan PENISTAAN agama nya ya om  Bangsat lo  TAIK LO  maaf gw pake Bahasa Babi Ahok.,1,0,1,1,0,0,0
Ehh TAIK  Bangsat lo  Omongan elo kayak IwAn bopeng  yg MO potong leher TNI  Bangsat lo IwAn bopeng  baek2in TNI. TAIK LO,0,0,1,1,0,0,1
Ehh anak anjing Ahok  Kelan itu blon siuman  mending emut2 bool basuki lagi aja sana  kasih tau sama Babi yg lain  bool basuki wangi gitu,0,0,1,0,0,0,0
CWE CAKEP TP BEGO.PANTES GK LAKU.SI AHOK CINA BAU TAI.MAKAN BUBUR ENCER.AHOK FAHAM KOMUNIS.MENISTA ISLAM & KRISTEN,1,1,1,1,0,0,0
Dan ajeng pasti paham si Babi Ahok klo bicara santun  BANGSAT TAIK ANJING  SETAN LO  dngn intonasi yg familiar tuntuna,0,0,1,1,0,0,0
Itu dia  BUNUH AJA YG DIDEPAN MATA  DIA MAFIA KORUPTOR NYA  PENISTA AGAMA PULA  PANGGILAN POPULAR NYA BABI AHOK,1,0,1,1,0,0,1
Gimana dgn Sumber waras.. Trans Jakarta ko jokowi diem ajah.... Harusnya si kutil babi ahok di ganyang,1,1,1,0,0,0,0
Muka Si BABi Ahok Tuh Yg Mirip SERBET Lantai....@basuki_btp...,0,0,1,0,0,0,0
Betul bang hancurkan merka bang  musnahkan china babi dibumi pertiwi indonesia  berkedok reklamasi itu ahok,1,1,1,0,0,0,0
Sapa Yg bilang Ahok anti korupsi!?  klo grombolannyA NGOMONG gtu wajar  AHOK ITU MAFIA KORUPTOR SANG PENISTA AGAMA YG DILINDUNGI ISTANA PKI,1,1,0,1,0,0,0
Gw juga ngimpi SENTILIN BIJI BABI AHOK  pcetar Pcetar  langsung kejang2 die  ngadu ke Jkw  Jkw: makanye sunat dulu  bru NGOMONG Almaidah.,1,1,1,1,0,0,0
Mudah2an gw ketemu sama SI BABI IWAN BOPENG DI TPS nya anjing Ahok,0,0,0,1,0,0,0
disaat semua cowok berusaha melacak perhatian gue. loe lantas remehkan perhatian yg gue kasih khusus ke elo. basic elo cowok bego ! ! !',0,0,0,1,0,0,0
Kaum cebong kapir udah keliatan dongoknya dari awal tambah dongok lagi hahahah',0,0,1,1,0,0,0
Ya bani taplak dkk,0,0,0,1,0,0,0
Setidaknya gw punya jari tengah buat lu  sebelom gw ukur nyali sama bacot lu ,0,0,0,1,0,0,0
BANCI KALENG MALU GA BISA JAWAB PERTANYAAN KAMI DARI 2 HARI LALU.... NYUNGSEP KOE  ,0,0,0,1,0,0,0
Aktor huruhara 98 Prabowo S ingin lengserkan pemerintahan Jokowi.... Nyata,1,1,0,1,0,0,0
Bu guru enakan jadi jablay atau guru esde sih.Kayaknya menikmati jadi pecun ini guru.',0,0,0,1,0,0,0
Lawan bicara gw gak intelek kyk loe  yg otak gak punya. Ttg kencing onta  gw mengakui hadis nabi dan itu sahih. Kafir kyk loe pasti menolak  makanya loe ahlunnar.,1,0,0,1,0,0,0
Jadi cowo itu harus Gantle kalo ga Gantle itu namanya BANCI !',0,0,0,1,0,0,0
Ini si  kerjaannya delay mulu! Setan!',0,0,0,1,0,0,0
PKI hanya muncul jika jelang pemilihan kepala daerah dan pemilihan presiden krn digoreng sampai gosong.,0,1,0,0,0,0,0
Itu mah sdh nenek-nenek sy heran sama cebong biasay bohong terus',0,0,0,1,1,0,0
Islam Nusantara produk JIL  dipasarkan dg gencar oleh antek  JIL.Sementara JIL anti Arab  tapi pro Aseng!Kata (alm) KH. Hasyim Muzadi,1,1,0,1,0,0,0
Pegawai Guardian training lagi kek Mentang2 gue kek gembel cuman kaos sama Flat shoes nanya dijutekin bangsad emang males belinya juga kabur gua ke matahari',0,0,0,1,0,0,0
GAPERNAH MENDALAMI AL-QURAN YA BANG??? PANTESAN MULUTNYA KAYA ORANG KAFIR BEJAT HINA farhatabbaslaw',0,0,0,1,0,0,0
Anjir baru kali ini lihat orang bego mau debat pilkada. Kerjanya nyerang karakter. Shame on you mpok silvy and agus. #DebatFinalPilkadaJKT,0,1,0,1,0,0,0
KAU PENDIKAN TINGGI TAPI BODOH....GK ADA LARANG BAWA AGAMA..BIAR ORANG ISLAM YG DI BAYAR AHOK SADAR GK JADI MILIH AHOK GLA,1,0,0,1,0,0,0
BTP the best  abaikan kaum kampret otak micin ,0,0,1,1,0,0,0
si otak tempurung mah ga usah d ladenin. Smkn d lawan semakin Bloon dan Dungu. Dan kalo ga gitu dia ga makan. Hehe',0,0,0,1,0,0,0
"Awaasss... Jgn sampe beritanya sampe ke akhi gerung! Ntar susah nyari kosakatany. klu bcr aja micingin mata  bibir monyong kesamping  suara keluar ky lg nhn kentut.. ""politik kotor skl jmn ini!"". Klu tahu brt ini.. Plng Sambil ky nhn ngeden..""dungu!"".,0,0,0,1,0,0,0"
pinokio umur 3 taonan tuh. #2019GantiPresiden,0,0,1,0,0,0,1
benci sekali dgn Umat Islam,1,0,0,0,0,0,0
Provokasi mayat politisasi agama penyebab kekalahan pilkada DKI  beginilah cara cebong mendeskripsikan kekalahan junjungannya. FYI ahog blm pernah ikut pemilihan apapun (kec jd wakil) dan dia bukanlah etnis mayorita,1,1,1,1,0,0,0
Lol bani lowo',0,0,1,0,0,0,0
udah biasa kali. Gue kpoper tapi kalo ngomonv sama temen2 gue  idol gua banci homo',0,0,0,1,0,0,0
Lengserkan Jokowi Bangsat!!,0,0,0,1,0,0,1
Bajingan Homo!!!Hati2 terhadap anak2 kita terutama di kamar mandi laki2  jgn biarkan sendiri! ,1,0,0,1,0,0,0
Iya cocot',0,0,0,1,0,0,0
Lo ngomong aja kaga bener bangke',0,0,0,1,0,0,0
tapi masih menikmati kebijakan yang dulu diusulkan PKI.. lha yo opoÙ?’,0,1,0,0,0,0,0
Kalo seumpama orang cina di usir paksa dari indonesia gimana,1,1,0,0,0,0,1
china babi... china maling...#UsirChina ,0,1,1,1,0,0,1
PROYEK KORUPSI REZIM SBY ,1,0,0,1,0,0,0
Terus menurut lo kitab suci agAma apa yg di bilang om  #Mendadakkalap,1,0,0,0,0,0,0
Ada cebong bang dia merasa paling benar',0,0,1,0,0,0,0
Kamu transgender atau gmn anjing :( ,0,0,1,0,0,0,0
Gue saranin gk perlu bnyk bacot maling ayat  langsung to the point aja lu jadi orang... Yg tdk sepaham lu teriakin aja kafir sesat liberal  pemuja dukun  bla blaaa.. pasti hatimu puas dehh ..',1,0,1,1,0,0,0
Jgn salah target bkn ahok... agenda utama lengserkan Jokowi ..,1,0,0,1,0,0,0
masa baru kena hestek aja udah kepanasan ??? Kepo banget #2019GantiPresiden,1,0,0,1,0,0,0
Prabowo Sudah Kalah Menyebut Bantuan Jokowi Hanya Pencitraan Adalah Ratapan Pilu,1,0,0,1,0,0,0
Yg goblog itu adalah bani cebong tukang tipu penjilat penguasa yg ketahuan gerakin masa yg dibayar pakai nasi bungkus. Propaganda nasi bungkus memang selalu gagal.',1,0,1,1,0,0,0
Wuih... cebong sewot...,0,0,1,1,0,0,0
Padahal gubernur saat ini Djarot. Mayoritas partai politik di DPRD juga pendukung Ahok Djarot. Payah ya mereka,0,0,1,0,0,0,0
Anak pecun... ga jauh2 dr hobi zina.. haha',0,0,1,1,0,0,0
Pendaftaran Capres untuk #Pilpres2019 saja belum dibuka sampai Agustus 2018...yang normatif begini politikus PDIP masih belum paham? #2019GantiPresiden !!,0,0,0,1,0,0,1
Si tolol udah tau pemerintah rezim komunis ini bobrok koruptor bisa pimpinan sidang DPR paya cebong ,1,1,1,1,0,0,0
Cina perusak bangsa!! Usir !! Stuju??,1,0,0,1,0,0,1
#2019GantiPresiden scra konstitusional hak setiap rakyat woiii!! . Gini nih kalo planga plongo tapi kelakuan otoriter.,1,0,1,1,0,0,0
Itu baru di Sul Teng.. !!! Ini ekses akibat tersandera hutang china !!! #2019GantiPresiden #2019PresidenBaru #2019TetapJokowiGanti,1,1,0,1,0,0,0
Tak hanya kurang bertaji nya kpk era ini...tapi era ini juga komitmen dlm pemberantasan korupsi tdk spt di era Pak sby,1,0,0,1,0,0,0
RT  : Admin tolol di partai tolol Partai Tolol untuk orang Tolol',1,0,0,1,0,0,0
Jokowi aja yg mundur.   tutup. ,1,0,0,0,0,0,0
Ngomong opo itu.mulut kok seperti banci...beli kaca dulu lihat dirimu . Broo',0,0,0,1,0,0,0
Ada amin rasis. Ada amat dani Ada ratna si paiiit.Ada si onta.Ada si lobang anus.Jdi jngan takut wo wo..Kehabisan obat penenang yh.,0,0,1,1,0,0,0
Tunggu komando IMAM BEJAT CABUL . TAIK BEER  Ape2 bawa ULAMA...DASAR Banj SEMPAK',0,0,1,1,0,0,0
Kabinet berantakan Pemecah belah persatuan hanya ad di rezim ini',1,0,0,1,0,0,0
dih! Ngaku lebih pinter dr orang politik  NGACA DULU WOYY tampang loe aja k\xc3\xa6k orang BEGO!!!   ckakakakak',0,0,0,1,0,0,0
#PDIPerjuanganMenang Dengan menekan perusahaan tambang dgn target proyek yang impossible  lalu dilelang murah pada antek Cina. NTB contoh kasus. PDIP mau menang? Dasar bajingan',1,1,0,1,0,0,0
ga caya sama mulut buaya mu bwang',0,0,1,0,0,0,0
RT     Jangan kayak BANCI KALENG kamu GATOT sering buat Gaduh gentleman lah MUNDUR siap bersaing di pemilihan presidens 2019 melawan Jokowi,1,0,1,0,0,0,0
umuh  persib persib kunyuk!!!!',0,0,1,0,0,0,0
Buat film muslim pilih ahok mati nggak di sholatin...... dijamin laris ......,1,0,0,0,0,1,0
Pemberitaan saracen diframing katak seakan tim prabowo dan anies-sandi. Seberulnya itu media menumpahkan sakit hati katak dan cebong. *Ehe,0,0,1,0,0,0,0
Kan ane bukan cebong udeh dibilangin dari maren masih ngeyel Situ maksa ane jadi cebong?',0,0,1,0,0,0,0
Kelemahan gerindra itu ada di orang ini ...Prabowo turun elektabilitasnya karena CONGOR fadlizon spt DURNO,1,0,1,1,0,0,0
 mau menasehati kali supaya ga ugal2an nih rezim.. eh tapi ini negeri sdh keburu ancor..nah skrg saja ekonomi morat marit  kacaoooooo!!',1,0,0,1,0,0,0
"tahun 2019 Rakyat makan ASPAL dan BETON; ini adalah solusi jitu mengurangi kemiskinan; ; KEAHLIAN CEBONG HANYA 1  TUKANG TIPU !!!; cebong mah gitu  goblok nggak ketulungan. Plonga plongo mengakibatkan optimisme berlebihan; ; #2019GantiPresiden #,1,0,1,1,0,0,0"
 Kemarin di hujat sekarang mengharap dasar para bani kamprey',0,0,1,0,0,0,0
Penjelasan sy bukan FITNAH  silahkan DIBANTAH   Apollinaris Darmawan Sebut Al-Quran Kitab Sampah,1,0,0,1,0,0,0
Monyet aja koloe dbilang saudra sma elo pasti ogah  hdupmu kok gini amat ya.. Toe Hati apa comberan?  ',0,0,1,1,0,0,0
"Becak Warga Binjai Hendak Disita karena Gunakan Tenda Bertuliskan #2019GantiPresiden  PKS MERADANG; ; Bukti pemerintah panik dan takut?,0,1,0,1,0,0,0"
lebih baik jokowi mundur..,1,0,0,1,0,0,0
Oleh rezim skrg atas kendali Negara Cina Komunis yg mjd patron tunggal rezim anti islam ( Jokowi ),1,1,0,1,0,0,0
Apaansi tai baru gt doang belagunya udah selangit. Ga inget ada karma? Ntar bbrp taun lagi kalo idol lu flop  gua ketawa paling keras.',0,0,0,1,0,0,0
MAJU KAMU NGATAIN MAMA AKU BOLOT',0,0,1,0,0,0,0
Grombolan Kadal Jidat gosong mmg bgtu  sukanya ribut tapi klo grombolanya yg salah pura2 Budek..Dasar Grombolan Cingkrang ,0,0,1,1,0,0,0
RT     betul padahal saracen juga siapa sehingga akun yang kritis dianggap saracen kan aneh jokowi,0,0,1,1,0,0,0
siapa bego lu bukan tmn gua najis dah kesel sendiri gue',0,0,1,1,0,0,0
Kafir kristen selalu buat ulah,1,0,0,1,0,0,0
Tau dong  bau baunya udh keciri ini sipit buluq',0,0,0,1,0,0,0
Onta yaman ni setahun lagi gua deportasi loe',0,0,0,1,0,0,1
anak cocot ya ini  ',0,0,0,1,0,0,0
udah ketauan HOAX ya Fahri mangkanye klu ambil berite tuyg update jangan dari tong sampah diambil terus di SS taunya berit udah,0,0,0,1,0,0,0
Pantas indonesia mundur dalam segala bentuk,0,0,0,1,0,0,0
Hahahaha blunder lu cebong... Yg gak ngasih tuh pem. pusat dengan Alasan HAM... kalau rakyat aceh ya mau kali pun.. Cobak kau datangi pemerintah bilang suruh buat hukum islam kaffah di aceh... Klau DPR a,1,1,1,1,0,0,0
Cebong kacung itu kt temen gw dungunya sampe ke tulang sum2..jd jgn buang2 energi debat sm mereka..',0,0,1,1,0,0,0
PARTAI KORUPSI SAPI......goblog...',1,0,1,1,0,0,0
Signal kntl !! Pemeliharaan apalagi ini ? Niat gak sih ? Login twitter doank susah amat  gmn mau open redtube ? Cetan !!  ',0,0,1,1,0,0,0
Nikita Mirzani udah pake hijab  yg masih ngomong cebang cebong udah pernah fantasiin doi belom? Uh ah!! #cokoRers',0,0,1,1,0,0,0
KELAKUAN bodoh   masuk KATEGORI perbuatan TIDAK MENYENANGKAN Kelakuan sontoloyo   sangat MENGANGGU persatuan BANGSA Kelakuan NAIF   secara TIDAK LANGSUNG sbg bentuk INTIMIDASI thd ULAMA Kelakuan  ,0,0,0,1,0,0,0
Kotor ga masalah yang penting bahagia warganya  cebong mana ngerti',0,0,1,0,0,0,0
RT  : Sudah kebuka satu demi satu kebusukab kubu anies sandi yg menang dengan tanpa berkah  dan Prabowo berusaha cuci tangan,1,0,0,1,0,0,0
Bikan Kaya Orang Bego Bro ?Tapi...Memang B..EGO.',0,0,0,1,0,0,0
Pak   Mahfud MD sudah berpaling dari Allah SWT Pemberang  demi bangsa ajak semua Buang Islam,1,0,1,1,0,1,0
 Orang2 bego kebanyakan minum &amp makan kotoran onta ...otak nya somplak',0,0,1,1,0,0,0
Apa yang terkuak semuanya sudah jelas sejak awal memang itu strategi kampanye kami di tim pemenangan anies sandi ,1,0,0,0,0,0,0
Lembaga2 anti-korupsi masa lalu bubar krn sentuh kekuasaan. Giliran KPK kenapa PDIP partai politik penguasa yg plg ngotot ingin bubarkan KPK?,1,1,0,0,0,0,0
Para Pendukung Capres gagal Move On salalu sibuk Urus Aseng bawa kabur uang Rp 35 T. Tapi ngak sadar kenapa Aseng bisa kabur bawa uang sebanyak itu tanpa didukung Pribumi ASU. Mustahil Aseng bisa. Pribumi hanya diam kalau disogok. Mental kacung emang. URL,1,1,0,1,0,0,0
RT  :     Lo rabun apa budek?Gue nulis gak ngomong!!,0,0,0,1,0,0,0
  Brahahahaaa  Cebong nya NgAhok ! ((( cebong blm cebok )))  ',0,0,0,1,0,0,0
ARTINYA APA ? Pribumi sadari & lihat siapa mereka ? KECUALI KALIAN sama-sama CINA KOMUNIS / MISIONARIS abaikan tweet ini usir cina Indonesia,1,1,0,1,0,0,1
Presiden yang anda tuduh Rezim anti Islam sudah banyak berbuat untuk Negeri ini sudah bnyak berbuat untuk umat... URL,1,0,0,1,0,0,0
Manusia bangsad -.-',0,0,0,1,0,0,0
RT   Tpi ingat ya. Jangan sampe Cina mengenalkan wisata Haram jga ke indonesia hahaha,1,0,0,1,0,0,0
RT   Nanya di mana Prabowo dan PKS saja Bib kan asoy tuh dianggap antek Prabowo dan antek PKS. Hidupmu pasti lebih dramatis,0,0,0,0,1,0,0
Udah minta maaf kunyuk   bro.Enak bgt rasan mereka....sebar hoax  minta maaf....sebar hoax lagi  minta maaf lagi.Mesti d sapu dulu   biar jera nih orang.... URL,0,0,1,1,0,0,0
RT  : Provider brengsek',0,0,0,1,0,0,0
 Yang dungu itu orang yang mau ganti presiden!!! Tp g tau siapa!!! Mikiiiir!!!!',1,0,0,1,0,0,0
kampret complain rag ditanggepi fuck',0,0,1,0,0,0,0
Kamu kok kaya jablay GTA maunya dijemput pake mobil',0,0,0,1,0,0,0
Sementara itu   kerjanya musuhi dakwah Islam & bubarkan HTI..! Rakyat jg berhak lengserkan jokowok tukang pencitraan!!,1,0,0,1,0,0,1
hah  katanya saling melengkapi. orang buktinya kamu juga goblok. gimana si?',0,0,0,1,0,0,0
  nek ndelok match terkhir celsi sih kudune menang mudah emyu... Tapi yo embuh sih celsi kacrut ki raiso diprediksi ',0,0,1,0,0,0,0
Kok bs pake buruh Cina? Kan rakyat sendiri bnyak pngangguran.Dasar rejim kodok!,1,0,1,1,0,0,0
  Ih banci selotipan ,0,0,0,1,0,0,0
RT   Haha kalah ni yee org jahat pasti kalah,0,0,0,1,0,0,0
RT  :   Yg cinta orba pasti meng idola kan prabowo &amp hary tanoe :D,0,0,0,1,0,0,0
Nantang buka Dadalah  eh nyebut Setanlah emang sudah pada habis Kamus ngelawan  Kenegarawanan Pak Joko Widodo Presiden RI ke 7  pada makin Stresssssss nie hati2 kena Stoke atau Serangan Jantung nanti Rakyat Indonesia kehilangan Badut2 Politik  MERDEKA.,1,0,0,1,0,0,0
BELAH  duren yaaaa. Gak dungu ya gak cebong. Maaf ya.',0,0,0,1,0,0,0
Bubarkan HTI &amp FPI. ,0,0,0,0,0,0,1
Ahok memang verbalnya keras. Pelampiasan dan pelarian karena kelelakiannya lunak.,0,0,0,0,0,0,1
pak   perlu melanjutkan rencana   untuk menyeret   ke pengadilan HAM PBB ! ,0,0,0,0,0,0,1
Penjajahan di atas bumi indonesia harus di hapus kan. Penjajahan ekonomi budaya  hasil bumi oleh cina harus kita basmi. Demi NKRI. UsirÙ?’,1,1,0,1,0,0,1
Survei di Metro TV Jokowi menang dari Presiden Baru Etapi cara ngitungnya gimana ya 45% bisa ngalahin 46% Jangan2 salah judul maksudnya Jokowi Masih Menangis Sumber : Zie Bajrie,0,0,0,1,0,0,0
Duduki Istana Negara !! Sekalian Lengserkan Jokowi Salam2Tahun  ,0,0,0,1,0,0,1
RT   Wah hebatnya pak  .... Yg lg sibuk pencitraan...  ..  ..   .. .... BACA NIH,0,0,0,1,0,0,0
bagi anda mungkin gk apa2  tapi bagi kami Muslim ini sangat menghinakan kami. Iblis betina itu sdh menista syariat kami',1,0,1,1,0,0,0
RT   baby kafir budha teroris myanmar,1,0,0,1,0,0,0
Indonesia Blom Merdeka Indonesia Masih Dijajah Oleh Orang Cina !!! TakbirAllauakbar ,0,1,0,1,0,0,0
RT     jongos penista agama ahok sok sok ngong SARA.majikan nya penebar SARA astagfirllah. Tobat,1,0,0,1,0,0,0
Kapan tuh si BEJAT CABUL   balik ? Pengecut si Onta itu ye...',0,0,0,1,0,0,0
Menurut Wibisono  pencitraan Jokowi telah disebarkan up media massa pro asing  sehingga terkesan Jokowi berhasil.,0,0,0,1,0,0,1
RT  :     adian gaya lu kaya beruk. Gini klo supir tembak metromini masuk dpr.Kampungan lu.',0,0,1,1,0,0,0
Km terlalu mainstream mengaartikan  pintar . Pintar itu relatif tergantung mo dibawa kemana pengertiannya. Spt anda pintar meng-undeeestimate-kan org. Gw pinter komen ajah. Rejim now pinter mangkrakin janji2 doang. So...making,0,0,0,1,0,0,0
Gw terpukaukaukau #2019GantiPresiden,0,0,0,0,0,0,1
Yaaelah chat aja loe urusin  noh yg dah keliatan mesum anggotaDPR pd mingkem  yg nyata selingkuh 7th kalian pura2 budek  #bong200 gk nyampe otaknya...' apakah keluarga anda yg gak pake hijab komunis jga?,1,1,1,1,0,0,0
Lansung tag partainya...Ga berani ya  berarti kau BANCI....',0,0,0,1,0,0,0
KRISTUS ANJING ASU JIAMPUT KEPARAT PICEK TELEK PEJUH SIWUK KOTANG SIWUK IDIOT KEPARAT PICEK TELEK PEJUH SIWUK KOTANG SIWUK IDIOT KEPARAT PICEK TELEK PEJUH SIWUK KOTANG SIWUK IDIOT KEPARAT PICEK TELEK PEJUH SIWUK KOTANG SIWUK IDIOT KEPARAT PICEK TELEK PEJUH SIWUK K,1,0,0,1,0,0,0
Ahhh itu kan perasaanmu saja utk menghibur diri.. mana ada cebong tdk bahagia.. presiden cebong punya... tol cebong punya... lha elo? Punya cuma germo,0,0,1,1,0,0,0
Kami lebih resah anda jd presiden!!!! hidup anda penuh drama dan pencitraan  main FTV aja joko judulnya ,0,0,0,1,0,0,0
Budha bunuh muslim di myanmar,1,1,0,1,0,0,0
jahudi bangke minta sama jerman sana tempat ibadah',1,0,1,0,0,0,0
PapaMintaKetuaFraksi rakyat mau nya setya novanto keluar dari dpr bukan di pecat dari ketua dpr percuma saya di pecat dan masih ada di dpr,1,0,0,0,0,0,1
Hoax... Kodok... Biawak.... meroket.. sekop... Bangsat... Karbitan... Munafik..#2019GantiPresiden #2019PresidenBaru #2019TenggelamkanJokowiKesungaiSiak,1,0,1,1,0,0,1
Itu yg pada ribut komunis blabla mungkin emoh baca. Yg baca pun kalo punya niat agitasi nyerang pemerintah pake ini cari simpatisan,0,1,0,1,0,0,0
Gak vital gimana?udah dari kapan inter gak punya bek kanan yg bisa jd pembeda  terakhir itu ya era maicon  D'ambrosio juga baru2 setelah kedatangan cancelo bagusnya...Hmmmm berarti kesimpulannya yg geblek ausilio ini... ,0,0,0,1,0,0,0
Namanya jg agama munafik...',1,0,0,1,0,0,0
43. Contoh lain: meski banyak tudingan dugaan korupsi tapi SBY tdk pernah dorong kejaksaan usut. Apalagi himbau KPK usut dugaan korupsi Jokowi,1,0,0,1,0,0,0
Berhenti jadi konsumen wisata Haji & Umoh yg menipu  jadilah podusen wisata jiarah Indonesia,0,0,0,1,0,0,0
RT    Yg ada  cacimaki penista agama tapi ternyata ketauan poligami ngumpet2. Apa mau digituin? Saya sih ogah.,1,0,0,1,0,0,0
Bubarin nkri harga mati,1,0,0,0,0,0,1
Ingat baik-baik kata si royson   jokowi kacung gua..! Itulah mungkin alasan fundamentalnya kenapa rezim ini justru seperti sengaja masuk ke dalam  Debt Trap  KOMUNIS CINA!So   menjadi wajib untuk #2019GantiPresiden!',1,1,1,1,0,0,1
Azan di TV manggil2 Allah SWT dungu & biadab harus dihentikan dan acara catut nama Tuhan tidak boleh dilanjutkan,1,0,0,1,0,0,0
 Semua itu terdapat pada kelakuan bani CEBONG....',0,0,1,0,0,0,0
Cebong makin kepanasan jadi makin ngawur. ,0,0,1,1,0,0,0
Nah..klo PKI alias Partai Korupsi Indonesia perlu diganyang juga ga?,0,0,0,1,0,0,0
perempuan kaya lo mending mati aja deh  jelek aja  gausa sok jadi make up artist!,1,0,0,1,1,0,1
MEWASPADAI CINA KOMUNIS YANG ADA DI INDONESIA!,1,1,0,1,0,0,0
Banci kampungan HEEEE!!!',0,0,0,1,0,0,0
Ganti rezim kacung lah.. Cebong mah gitu kalo ditanya',1,0,1,0,0,0,0
cina  apa hak lu melarang?,1,0,0,0,0,0,0
Anda hebat bicara cinta masih pegang Quran sbagai pegangan hidup  Quran tak bicara cinta tapi perang bunuh penggal,1,0,0,1,0,0,1
Perjaka kq di jual... Sok sok an mau booking.. Tante idiot njir..',0,0,0,1,0,0,0
Rev 1: jgn pilih ulama yg DEKAT DG KAFIR dan MUNAFIK',1,0,0,1,0,0,1
"Segala permasalahan saat ini hanya ada satu solusi #2019GantiPresiden ; Jika pun tdk berdampak signifikan sekurang?nya kita telah mengobati dan mencegah penyakit ini bertambah parah.,1,0,0,1,0,0,0"
Culun mending kampung jes',0,0,0,1,0,0,0
Hah? Wah bangke emang nih truk',0,0,1,0,0,0,0
Cebong kampret  dan onta juga ngak bersinggungan dengan laut',0,0,1,0,0,0,0
Hahahaha orang gila ngomong cak..??Makanya jangan terlalu banyak micin biar otak loe encer cong...Ngomong ae ngawur muslim kamu itu muslim silit tau...babi.',1,0,1,1,0,0,0
apakah keluarga anda yg gak pake hijab komunis jga? Coba ngaca n introspeksi otak dipakai jgn cmn jd property or pa,1,0,0,1,0,0,0
COPOT Darmin Nasution Menko Perekonomian BODOH yang turunkan daya beli sejak menjabat    ,1,0,0,1,0,0,1
Matamu picek  cukk..Ora delok prestasli pak jokowi..Guoblokkk..!!Tolol....!!',0,0,0,1,0,0,0
Berhasil Penjarakan Ahok  Alumni 212 Pendukung Rizieq Akan Lengserkan Jokowi Usai Lebaran,1,0,0,0,0,0,1
Bersabar berdoa usaha  ikhtiar... Mudah-mudahan bentar lagi #2019GantiPresiden gak pake contekan  gak pake planga-plongo... ?,1,0,0,1,0,0,1
Umat islam siapa yg ente mksd??FPI? HTI? Mrk bkn muslim. Tp penista islam. Bajingan mrk itu. Muslim tdk mgkn berbuat onar. Pengecut lari dr tgg jwb stlh mesum.Apa2 islam  apa2 islam. Giliran mesum apa itu islam? Berbuat onar itu islam?,1,0,1,1,0,0,0
Celeng nya bang acon susah bgt dah,0,0,1,0,0,0,0
tapi kenapa kamu malah cari musuh! dasar peranakan cebong kampret!',0,0,1,0,0,0,0
Cie ni akun berhasil membodohi kaum 212  yg bikin kaum-kaumnya sendiri biar dikata Jokowi ANTI ISLAM  wkwkwk :),1,0,0,1,0,0,0
Yang juara ngibul kan junjungan kalian wahai bani kampret 212',0,0,1,1,0,0,0
Tanya amin rais.. Dulu dia yg bikin kacau dan nyuruh reformasi. Pilkada salah satu hasilnya.,1,0,0,0,0,0,0
Fahri Hamzah: Kalau Saya Jadi Presiden KPK Akan Saya Bubarkan ,1,0,0,0,0,0,1
Doi tuh native speaker ya.Mother language-nya english.Komen dijaga dong bangsad',0,0,0,1,0,0,0
Mungkin mrk slh tulis atau slh sebut aja Bu ... Mkst nya mungkin CEBONG MUDA KAMPUNGAN ,0,0,1,1,0,0,0
kafir haram jadi pemimpin nyet',1,0,1,0,0,0,1
Emang perlu pak kyai staquf nyebut suku ras biar mudah dipahami nalar ente yg bahlul  ane tanya ente soal arab yg mana yg ente sembah aja gk bisa jawab  ane sodorin arab bani saud yg pro israel eh ente pura2,1,0,1,1,0,0,0
RT   Bubarkan DPR BUBARKAN.. SAVEKPK,1,0,0,0,0,0,1
Gua daiping mampus lu junedi',0,0,1,0,0,0,0
RT  : Suciwati: Revolusi Mental Jokowi Omong Kosong/Bualan. Jika Setuju RT &amp Comment ,0,0,0,1,0,0,0
 Jangan jangan otak makelar penjual asset negara apa maling asset negara ?pertamina di jual mau di isi TKA dari Tiongkok #2019GantiPresiden ,1,1,0,1,0,0,0
Bawang putih itu sdg kafir haram lagi..Hiks.hiks..hiks',1,0,0,1,0,0,0
Setuju ahokers lengserkan ke prabon jokowi daripada ancurin penjara ga karuan.. ,1,0,0,0,0,0,1
Komunis kok berabtad PKI? Kecoak makan kecoak dong?',1,0,0,1,0,0,0
mata loee picek ya  yg janji jokowi kok yg d tagih sby.. matamu picek blok,0,1,1,0,0,0,0
as clara anak pinter dongo paling koplak cantik tapi idot :(  gatau malu  urat malu putus butt dia muka nya imut bgt',0,0,0,1,0,0,0
Presiden paling buruk dalam sejarah bangsa2 cebong',1,0,1,1,0,0,0
RT  : Ku dah padah eh  even kau bodo bulak curang pun dgn ompuan ya. Nya still maok kau. Segal sayang eh. Kau bodo sikpande hrgai\xe2\x80\xa6',0,0,0,1,0,0,0
Biadab tuh oknum aparat keparat',0,0,1,0,0,0,0
Wuakkakaa.. mampuss!! ga salah gue diblock dia sejak jaman Jokowi Ahok nyagub. Gaya lo toong.. toong.. Anies sandi ,1,0,0,0,0,0,0
Itu dia mata picek... Matanya cuma lihat sebelah...',0,0,1,0,0,0,0
Ha ha kocak ...kalabong emang dungu',0,0,1,0,0,0,0
Ehhhhh BANDOT   LU MAU KRITIK PAK JOKOWI AMPE MENCRET DARAH IS OK....TPI KLO LU HINA  FITNAH... KAMI AKAN AMBIL TINDAKAN.... PAK JOKOWI PRESIDEN !!! PEMIMPIN NEGARA... LU PEMIMPIN AGAMA TPI SALAH KAPRAH LUUUU',0,0,1,1,0,0,0
Kita balas di sini gima kita usir budha   : Kurang Ajar  Etnis Muslim Rohingya Disingkirkan dari Data Sensus Penduduk Myanmar,1,1,0,0,0,1,1
Astagfirullah mata gw ternodai  Terkutuk kau yg ngert bokep,0,0,0,1,0,0,0
Kntl ye  apus ga',0,0,0,1,0,0,0
pergi lo bangkai',0,0,0,1,0,0,0
Aamiin ya rabb.. Tolong   Indonesia ya Alah dgn yg lebiiihhhh baik,0,0,0,0,0,0,0
RT  : Ustadz PKS Yudi Widiana nilep duit pk bahasa agama Juz &amp Liqo Felix Kwetiauw &amp alumni 212 pd mingkem &amp pura2 budek..giliran Bu\xe2\x80\xa6',1,0,0,1,0,0,0
Yang kita bela adl Pancasila dan Kedaulatan Negara. Kalau   tidak mendukung  maka LENGSERKAN SAJA!!... Saat ini Ancaman sudah Nyata!!.,1,0,0,1,0,0,1
PROYEK SARACEN UTK GANJAL PELANTIKAN ANIES MSH TERUUS.... Temuan Baru Kasus Saracen  Ada Foto Tokoh partai politik,1,0,0,0,0,0,0
  ITULAH si ahok kutil babi,0,0,1,0,0,0,0
Hajar ndan.. ganyang PKI ,0,1,0,0,0,0,1
Pak jokowi kasian jg goregan PBB,0,0,0,1,0,0,0
Kapolri   harusnya mundur dari jabatannyaÙ?’,0,0,0,0,0,0,1
RT       Baru 3tahun dah segitu ya bentar lagi lewat utang sby njiiieng,1,0,1,0,0,0,0
 Mungkin masih banyak masyarakat tionghoa yg lebih pancasialis dr pada wong jowo cm nggak terekpos aja  contoh nyata pak kwik ekonom dan ustadz felix siauw ,0,0,0,0,0,0,0
Negara kayak menipu bocah SD aje.. Dokumennya hilang ... Fuih..,0,0,0,1,0,0,0
Allah SWT yang disembah dungu & biadab ya PERCUMA,1,0,0,1,0,0,0
RT   ogah prabowo+pak gatot baru ok,0,0,0,0,0,0,0
najis lo ngedm gajelas dm gue ga dibales bodo amat   gue doain nanti pentas.lo ga menang',0,0,1,1,0,0,1
Jd cowo banyak bacot amat si ajg mau gua gampar aja rasanya []',0,0,1,1,0,0,0
"#ILCBoedionoCentury ketika ini terjadi  saya ikuti kasus ini cukup intens. Meski sekarang agak lupa...; Tapi kuncinya kita cuma butuh 2019 Ganti Presiden! ItuÙ?’,0,1,0,0,0,0,1"
Maju Gubernurnya Sengsara Relawannya,0,0,0,1,0,0,0
RT  : Copras calon presiden.. Ndak mikir.. Ndak mikirrrr... (Ndak mikir apa si kowi 1 periode aja babak belur..) ,0,0,0,1,0,0,0
Cie tau ma jokowi ga dapet panggung mulai dah jilat-jilat Prabowo dasar lintah ,0,0,1,1,0,0,0
Barusan dongo dongoin pemotor yg klakson bertubi2 padahal jelas lampu merah.  Woy dongo! Brisik norak!  Pas nengok taunya temen SMP (--!)Dia : Chaink?aku nangis nganti metu eluh getih puteeeh~',0,0,0,1,0,0,0
Kalau nggak mau dengar Ulama dan tetap ngotot kriminalisasi ulama yaa kita lengserkan aja Jokowi,1,0,0,1,0,0,1
Lo tuh yg bencong  bacot lo lebih2 dari cewe. Kaya banci yg ngamen gak dikasih duit bacotnya Mending lo cakep mah  jelek Kaya gitu.Madesu lagi Mentioned Gw langsung di quote tweet ,0,0,0,1,0,0,0
Cina lg.. cina lg.. sebaiknya di usir aj ya? merusak sih kerjaannya,1,0,0,1,0,0,1
Ayoh bangsa indonesia bersihkan etnis cina ahok,1,0,0,1,0,0,1
RT   Nggak ikut dukung calon presiden tapi sukanya ngatur Jokowi kenapa gak Prabowo aja yg diatur supaya menang dalam pemilihan presiden 2019.,1,0,0,0,0,0,0
Kan hebat Ahok bisa memaafkan bini slm 7 thn bukan spt yg ono kabur krn ketauan menalukan ngaku ulama kok kelakuan bejad',0,0,0,1,0,0,0
Anda DIDUNGUKAN Islam  Quran mengajarkan AMORAL   Ansor Sebagai agama  Islam punya posisi moralnya sendiri,1,0,0,1,0,0,0
yg jelas-jelas masih hidup itu prabowo anak soemitro pengkhianat bangsa,0,1,0,1,0,0,0
Yang perek kan ibu lo.. gimana sih.. pasti sdh dool ya',0,0,0,1,0,0,0
RT       Pilih presiden yg jelas orang tua nya yang bukan pengkhianat negara,1,0,0,1,0,0,0
Ga apa sih Ahok prnh diblng penista agama tp ga kek politikus koruptor dipanggil urusan hukum ngeles pake sakit hati-hati ntar keterusan mati,0,0,0,1,0,0,0
Tolol sekali anda ini? Ngaji dimana kau ini kl agama islam sprti itu? Ketahuan ini orang ngajinya sm orang ngk jelas ini?',0,0,0,1,0,0,0
Cebong di kasih fakta dia bilang dusta  Cebong dikasih dusta dia bilang realita  Cebonger's emang bikin gemes ,0,0,1,1,0,0,0
Cina kafir ini mah...Bangsat lu!! Dasar Komunis !!',1,1,0,1,0,0,0
Rakyat kaum bani cebong',0,0,1,0,0,0,0
KENAPA GUE NANGIS ANJIR  CUPU LO FIK!',0,0,0,1,0,0,0
Ini orang-orang maha benar nan suci maunya apa sih? Penghina presiden dilepas karena masih di bawah umur ngeluhnya nggak ditahan karena Cina.Kalau misal ditahan  mungkin ngeluhnya pemerintah mau balik ke orba.Njuk geleme piye  su?',1,0,0,1,0,0,0
Ga salah memang  bilang antek Aseng tapi adiknya Prabowo bilang Prabowo pro Amerika. ,0,0,0,1,0,0,0
RT  : Eh ada wartawan Selandia Baru Rasa Kampret dan dibuat berita oleh Kampret disebar di WAG. Konferensi Pers tdk dilakukan,0,0,1,1,0,0,0
Pencitraan Lu...ah.......Prabowo msh tidur,0,0,0,1,0,0,0
biasa bro dia ciri2 cebong adu domba begitu so lugu namanya juga cebong buzzer recehan yg begini,0,0,1,1,0,0,0
RT   Prabowo sdh tua perlu generasi muda yg bisa blusukan dan Jokowi msh muda dan saat ini sering blusukan diberbagai pulau,0,0,0,1,0,0,0
napadah shopee kampang',0,0,0,1,0,0,0
napadah shopee kampang',0,0,0,1,0,0,0
lu baca bandingkan modal dgn hasil diperpanjang atau tidak dasar antek asing,0,0,0,1,0,0,0
Cebong tidak akan pernah senang lihat kejayaan pk anis mereka akan ttp sirik. Yg parahnya klu junjungan dipuji habis habisan meskipun melakukan hal buruk.,0,0,1,1,0,0,0
Klo busuk mawati beragama islam .. Maka dia Takut dg dirinya sendiri Gejala gila nich nenek ..',0,0,0,1,0,0,0
berarti lo cacat',0,0,0,1,0,0,0
luhut bajingan',0,0,1,0,0,0,0
Tuhan itu iBlis . Iblis itu Tuhan . Agama onta',1,0,1,1,0,0,0
Para jendral propaganda mereka perang propaganda dgn jualan utamanya pki dan cinaisasi..,1,1,0,1,0,0,0
NGAKAK! Para barisan cebong sakit hati mau pake isu saracen utk nyerang Anies-Sandi agar gagal dilantik,0,0,1,1,0,0,0
Prabowo simulut busuk Rizieq anies Fadlizon Fahri mereka kumpulan sampah negara jd kelakuan mereka juga kaya sampah,0,0,1,1,0,0,0
Cuma manusia otak dungu yg sekarang ini teriak-teriak 'bubarkan pki' buku buat dibaca!! Jgn bodoh! Otak kosong mulut nyap nyap!,0,0,1,1,0,0,0
cebong emang jagonya bikin dan sebar hoax',0,0,1,1,0,0,0
Setelah kasus PKI di LBH rame-rame antek komunis membuat opini dan steitmen mengaburkan kebangkitan PKI,0,1,1,1,0,0,0
WOI BOLOT',0,0,0,1,0,0,0
Kenapa  bicaranya sesuatu yg remeh temeh spt masalah kalajengking krn belio tau oposisinya spt  itu pasti nyinyir jd stress dan stroke sendiri...krn emang dosen ga laku...bacot gede hasil karya ga ada... bahkan anak asuhnya mayor dungu,0,0,1,1,0,0,0
Ajak semua Muslim cari tahu siapa Muhammad sebenarnya  jangan sampai dia enak2 cocok2 penis bangsa ini jadi susah,1,1,0,1,0,0,0
Eh dungu  ngapain lu masih mensen2 gue  katanya mau muter alun gue.Lu itu cuma bisa forward berita tanpa analisa.Kelompok MAHO mana ada yg cerdas wk wk wk',0,0,0,1,0,0,0
hehe typical bani pekok. ga bs bantah trs danga dungu dah.',0,0,1,1,0,0,0
"improvisasi itu lagu..al Qur'an itu tafsir..masak susah mikir gituan..murotal itu improv..Tilawatil Qur'an itu improv..raut mukamu itu tafsir..cara kentutmu itu tafsir..cara ngentot aja tafsir..cara kawin itu tafsir...ngaji yg bener.!!"",0,0,0,1,0,0,0"
Yang panik itu yang mau ganti presiden tapi g tau calonnya siapa! Ups mungkin karena g bisa berbuat banyak!!!!! Karena dibawah kepemimpinan pak USER banyak koruptor tertangkap!!! Jadi mau ganti presiden!!! Siapa tau bisa di nego!!,0,0,0,1,0,0,0
Haruskah aku buat thread jadi TKI dimalaysia dengan jam kerja 16jam? Sebenernya ini kilang memang jahanam betol',1,0,0,1,0,0,0
Ekonomi : hancur  Subsidi : dicabut Listrik : naik tdk karuan  Sembako : tak terjangkau rakyat  Politik : kisruh terus Agama : dinistakan terus Kebijakan : tdk pro rakyat  HAM : terbengkalai,1,1,0,1,0,0,0
Dan Indonesia harus menghormati AS!!Ntu sape nyang kemaren ngomong begitu??Wahhh dr roman2nye pasti antek ASING tuh',0,0,0,1,0,0,0
Bersiap usir sepasang= ASING-CINA  SelamatkenHutan,1,1,0,0,0,0,1
Pencipta hoaxs ya presiden dan wakilnya',0,0,0,1,0,0,0
Muncul sudah antek antek PKI dah berani muncul terang-terangan mudah-mudah pemerintah tidak tinggal diam. ,0,1,0,1,0,0,0
Bagaimana perasaan walubi kalo umat budha di indonesia yg di usir dan di bantai???,1,0,0,1,0,0,0
 Giliran ambruk cuma planga plongo kaya ayam kena tetelo ??    #Putin  #PrabowoUntukIndonesia #2019GantiPresiden,1,0,1,1,0,0,1
Lu nyindir pak de? ?. #2019GantiPresiden,0,0,0,1,0,0,1
Jgn ada yg percaya dgn akun ini WA 081381413774 Awal nya dia ga percaya sy buat CAMSEX  trus sy buktikan Vc beberapa detik  pas suruh Tf alesan nya neko2Ni muka nya kaya monyet  ,0,0,1,0,0,0,0
bicara sains kok nonton youtube  lakukan eksperimen sendiri  jgn nonton youtube yg bisa dimodifikasi sama pembuatnya  hadeh pantes GEblek',0,0,0,1,0,0,0
Jokowi sudah menyerah saatnya gantikan Jokowi  lengserkan jokowi jokowi ,1,0,0,0,0,0,1
Nasdem itu sudah jadi bahan tertawaan anak kecil seluruh Indonesia. Omongan kader2nya asbun. Yg mau jadi cawapres Jokowi itu cuma khayalan kader2 partai. Rakyat ga ada yg peduli  kecuali #2019GantiPresiden,1,0,0,1,0,0,1
KAMU LAH HOMO YG PALING SIAL BAJINGAN GOBLOK...KALAU TERLALU GIAN KAMU AMPUT ANJING DITEPI JALAN TU.....SEMOGA KAMU TERIMA BALASAN NYA NANTI?,0,0,1,1,0,0,0
Udah dmcin ae zon  bilang kampang gitu. kok jadi kesel bgst lah',0,0,1,0,0,0,0
Alah kntl',0,0,1,0,0,0,0
Bubarkan saja kpk biar leluasa para koruptor memperkaya diri di Negri ini,1,0,0,1,0,0,1
Susah bang  jawa uda dipegang jokowi  antek dia semua  sedihhh sih',0,0,0,1,0,0,0
Cuma rezim ini org kaya dia berani tampil di layar kaca. Mohon segera ambil tindakan USER USER,0,0,0,1,0,0,0
mmg otoriter! Buktinya  selalu OTT? Pdhal dri partai politiknya sendiri byk ya? USER & USER Ditangkap smua?,0,0,0,1,0,0,0
Cebong itu badut nya Chinacuma dikipasin sama uang recehan galaknya bukan main,0,1,1,1,0,0,0
Apakah berkat solat dan mengaji atau berkat belajar ilmu yang dikembangkan para kafir  Pak Lukman?,1,0,0,1,0,0,0
Yang heran memang  dalam Budaya Indonesia hari ini  orang seperti Arteria  Fahri  Fadli- yg jualannya memang cuma teater- terus menerus juga jadi narsum berita. Yang punya kamera juga jelas memang Cuma  sengaja dibuat insentif buat monyet. mencari teater,0,0,1,1,0,0,0
Kok cuma cina non muslim yg dibantai? Tuh si  jg cina  usir jg dong.,1,1,0,1,0,0,1
"Ini orang ga tau Islam  tp belagu dan asbun.; ; Pidato Jokowi udah sesuai ayat Qur'an: Allah tak akan ubah nasib suatu kaum kecuali mrk mengubahnya. ; ; Kalo mau ganti presiden  rakyat sendiri yg harus mengganti. Baru Tuhan mengganti. Kehendak rakyat dulu,1,0,0,1,0,0,0"
Perasaan kemarin2 pake Axis aman2 aja deh di rumah. Kok 2 minggu ini kacrut kali sih jaringannya -_-*,0,0,0,1,0,0,0
punya otak? taruh dimana? pasti taruh di congor lo kan?',0,0,0,1,0,0,0
Si Terdakwa Penista Agama Alias Si Ahok Babi Jamban tuh yang Morfotin Uang Rakyat Jakarta,1,1,1,1,0,0,0
Pak  sebelum Anda menjelaskan  Quran hanya kitab sampah berbahaya  kekacauan terus terjadi,1,1,0,1,0,0,0
Najis sok banget jutek iyuuuh. Gua mau nyanyk aja..',0,0,0,1,0,0,0
Bubarkan saja tuh DPR sama KPK...sama aja bodoh nya,1,0,0,1,0,0,1
perpres jkw lebih tegas drpd prepres sby buka matamu liat jgn hanya bacot bodoh2in fllwr pak !',0,0,0,1,0,0,0
"#TolakPerpresTKA; #TolakPerpresTKA; #2019GantiPresiden; #2019PresidenBaru; ; Hai mahasiswa Indonesia  nih ada hadiah lipstik dan kolor untuk kalian dari seorang kakek tukang beca,1,0,0,1,0,0,1"
Anggota DPR ini pamer DUNGU & BIADAB Islam  Quran merintahkan penggal kafir  dia laksanakan  dia bisa bilang HAM,1,0,1,1,0,0,0
Penghina Keluarga Jokowi Langsung Diciduk Giliran Penghina Prabowo SBY dibiarin aja,0,0,0,1,0,0,0
bani koplak mana nich kok gak dukung siwanbango bego,0,0,1,1,0,0,0
Hahahahhahaa silvy ohh silvy cacingan amat loe ahhh wkwkwkwkwkk #DebatFinalPilkadaJKT,1,0,1,0,0,0,0
"mau bukti ke RADIKAL an HTI dan FPI?!; apa kurang bukti di setiap orasi-orasinya HTI dan FPI selalu memfitnah dan caci maki terhadap pemerintah POLRI bahkan ULAMA'/KYAI-KYAI!!! ; dasar otak bebek pura-pura buta dan tuli dengan isi otak junj,1,0,1,1,0,0,0"
Bahas Islam merusak nilai  penguatan karakter melalui revitalisasi pendidikan nilai,1,0,0,1,0,0,0
bagus....nanti dipakai untuk petisi lengserkan Jokowi ya KembalikanAhokKeCipinang,1,0,0,1,0,0,1
Semoga dimasa depan etnis cina di Indonesia tetap tdk menduduki pemerintahan.. bisa jadi kayak Singapur :),1,1,0,0,0,0,0
Mungkin kata : yg dilakukan Raja Salman hanya pencitraan,0,0,0,1,0,0,0
Untuk mengedukasi manusya2 udik seperti qm misalnya',0,0,0,1,0,0,0
Tolol...apa hubungannya dgn rumahtangga?urus saja kerjaanmu gk usah banyak cakap.kamu jadi menteri di PECAT jd gubernur malah membuat jakarta semakin gk karuan.sebentar lagi juga hancur tuh jakarta....',0,0,0,1,0,0,0
Nih ya gue jelasin. Cowo. Burungnya gaada. Jadi cewe. Cewenya bernada2. SIAPA LAGI TRANSGENDER DI INDONESIA YG NYANYI? ,1,0,0,0,0,0,0
Indonesia sedang di jajah cina?,1,1,0,1,0,0,0
Bubarkan DPR gak butuh,0,0,0,0,0,0,1
NGAKAK NGAPAIN NANYA SAMA GW TAE MINTA DIGAMPAR',0,0,0,0,0,0,1
Cocot cocot cocot. 2019 bubarin grindra',0,0,0,1,0,0,1
Burma dan Budha memang teroris sebenarnya,1,1,0,1,0,0,0
Hooo keliatan mana yg bego sekarang hahaha',0,0,0,1,0,0,0
Wkwkwk  ke trigger jg bani onta',0,0,0,1,0,0,0
Brengsek jg ya mantan gue. One thing bout her yg gue suka  mulutnya emang ga pernah difilter so gue pasti dpt jawaban jujur dr dia',0,0,0,1,0,0,0
Yaudah gwe mau demo minta pak Jokowi ngekick palkjihun dari dunia.,0,0,0,1,0,0,0
Jele lo  udik.',0,0,0,1,0,0,0
Sy jg muak sm lu yg fitnah prabowo,0,0,0,1,0,0,0
#IklanAhokJahat baru ada direzim jokopret setan iblis dajjal dibangkitkan dr kuburnya. Mereka gembira berpesta pora setelah lama dibelenggu,1,1,1,1,0,0,0
"Maraknya org\xc2\xb2 sipit masuk ke Indonesia hanya pengalihan. Hati\xc2\xb2lah justru kepada Syi'ah rafidhah  biang keroknya segala pemberontakan/kudeta negara\xc2\xb2 muslim ahlussunah di dunia"",1,1,0,1,0,0,0"
kaya TAI',0,0,0,1,0,0,0
Juga jago bakar isu PKI Komunis,1,0,0,0,0,0,0
Si joko pngen ttep populer buat pro-nas d jkt  si ahok jga g mw klah buat jga proyek2 lain d jkt  akhirnya 1 pmbngunan blom slsai tp udh bngun lgi yg lain d ruas2 utama yg sling brdekatan. Skrg cebong guoblok mlah nyalahin ani,1,0,1,0,0,0,0
MEMANG ANAK ANJING KAMPANG',0,0,1,0,0,0,0
 .... bani kampret .... bani kecebong........ pilih bani adam lah...... soale manusia',0,0,1,0,0,0,0
Hei kunyuk   supaya ente paham ya? Prabowo Subianto jadi capres aja udah salah apalagi jadi presiden?! PS mem\xe2\x80\xa6',1,0,1,0,0,0,0
REZIM SALES REZIM PENIPU PENCITRAAN SEMUA PALSU',0,0,1,1,0,0,0
"Sungguh""rezim KOPLAK..indonesia sedang sekarat..umat muslim sdg di pilah""oleh Allah SWT..antara golongan muslimin dan munafiqun.,1,0,0,1,0,0,0"
kalian ni ngapa sih nyinyirin yg hijrah padahal kan mrk cm maw nutupin koreng',0,0,1,0,0,0,0
pakai paksa-paksa jokowi balikin semua penduduk rakhin. Emang prabowo pengangguran. Banyak politikus nganggur jadi omongnya ngawur,0,0,1,0,0,0,0
Jokowi  Adalah Ahok Yang Tertunda siap-siap dipenjara juga ya pak ,0,0,0,1,0,0,0
Mengapa menggunakan bahasa Arab? Bukankah Tuhan YME menurut Pancasila berbahasa Indonesia?,1,0,0,0,0,0,0
Pantesan tim sukses Anies-Sandi ini kalo ngetwit ngaco sok jagoan,0,0,0,1,0,0,0
Tiap berkicau makin keliatan tolol dan gobloknya  lbh tolol lg yg milih dia',0,0,0,1,0,0,0
Bong dungu.. Cuma video 31 detik langsung ambil kesimpulan.. Kagak heran dah klo lu d sbut dungu sekolam..',0,0,1,1,0,0,0
Ketika generasi tinja sangat bahagia pemimpin nya bisa berkoar koar anti aseng di jaman pilkada dan ketika selesai pilkada pengikutnya membela bahwa tinja nya aseng enak',1,0,1,1,0,0,0
Betul..anak anak PKI mulai muncul mengikuti jejak bapaknya.,1,1,0,0,0,0,0
Hahahahahah babi migraine aku plak tweet  caring betul dkt babi. Ye lahh hg reply tweet aku lepas keluarkan brim td ni. Good timing',0,0,1,0,0,0,0
makin lama bikin puyeng kepala itu pak prabowo sama amin rais itu om nada-nada bicaranya nggak bermutu.sama sekali,0,0,0,1,0,0,0
ganyang pki. mari kita dukung prabowo untuk 2019,0,0,0,1,0,0,0
Pak  membuang Islam bisa jadi menyakitkan  tapi harus dilakukan demi kebaikan semua manusia,1,0,0,1,0,0,1
Etnis cina memang ada yg ikut berjuang tapi lebih sangat banyak yg jadi penghianat jd antek belanda..,1,0,0,1,0,0,0
Ahok simulut jamban  tokoh yg punya nilai bahasa indonesia dan norma etika   tai kucing',0,0,1,1,0,0,0
Apan jir?dahak?KWKWKW TOLOL',0,0,1,0,0,0,0
Yah jawabannya goblok mas Jaka Sembung kan bawa sepeda mau sekolah  masa bawa golok gila nih orang tua nya',0,0,1,0,0,0,0
Ahok Taik. \ MENFITNAH\ . Emang lu tukang caci maki perempuannn!! Asuuu Ahok Pasti Tumbang DebatFinalPilkadaJKT,1,0,1,1,0,0,0
ridwal kamil memang hebat dan top nggak kaya ahok tukang penista agama dan koruptor,1,0,0,1,0,0,0
Pak  Muslim selalu mengatakan kebenaran datang dari Allah SWT  yg mana? Muhammad bejad nabi?,1,0,1,1,0,0,0
Betul itu kelihatannya JK mau main belakang lengserkan jokowi klo berhasil kan dia yg naik gantikan jd presiden seperti pak Harto diganti habibie,1,0,0,1,0,0,0
Dulu  tanpa sosmed pun Presiden Soeharto bisa di lengserkan. Apalagi Bapak Jokowi,1,0,0,1,0,0,0
Apasi anjing lu lebay geblek',0,0,0,1,0,0,0
Buat pak  ambisi kekuasaan boleh dan sah2 sj masa pak  dibilang otoriter sih?. ,1,0,0,0,0,0,0
ehem  ... kayaknya sudah saatnya di turunkan pakde  nih. akal sehatnya ga jalan,0,0,0,1,0,0,0
Heran juga saya  setan iblis pada kabur dan takut kalo mendengar Azhan  tapi ini mahluk Allah yg satu ini anteng saja denger azhan bahkan pura2 budek kupingnya  kalah dong setan iblis.',0,0,1,1,0,0,0
Setelah itu aset negara dijual semua ya pak Ruhut  hebat bener!! Krn itu impor pangan merajalela  BBM naik membabi-buta  10jt lowongan kerja buat Aseng  itulah hebatnya pak Joko Widodo  bikin rakyat dan negara semakin sengsara. Hancur suda,1,0,0,1,0,0,0
"Ekonomi dipegang Gerindra? Bisa hancur negara kita. Masak sarankan cetak uang sebanyak2 utk bayar hutang  jadi gk perlu hutang lg. Malah bs ngutangi negara lain. Bisa2nya bilang biaya produksi cetak uang murah. Ekonomi comberan; ; Para kecoa yg baik  yakin,1,0,1,1,0,0,0"
Dulu 98 dollar 12.000 koar-koar minta rezim lengser. Sekarang sudah mau tembus 15.000 malah makin jadi penjilat penguasa. Kasihan rakyat selalu jadi korban propaganda politikus busuk.',1,0,1,1,0,0,0
masi pagu ngajak gelut onta',0,0,1,0,0,0,0
"Prof. Jeffrey Winters: Jokowi Presiden Terlemah dalam Sejarah Indonesia ; ; Anisa dan Pembahasan Prof Jeffrey Winters ini bagus  walau ini anlisa 2015 lalu  tapi yg menjadi pembahasannya akrg byk yg terjadi.; #2019GantiPresiden; ;,1,0,0,1,0,0,0"
kalian ni ngapa sih nyinyirin yg hijrah padahal kan mrk cm maw nutupin koreng',0,0,1,0,0,0,0
jongos cina merasa kemerdekaan indonesia cina yang kasih.,1,0,1,0,0,0,0
Pak  menghapus Teroris Islam secara efektif harus dijelaskan Alquran adalah Kitab Teroris,1,0,0,1,0,0,0
Yawlah itu yang Daniel kalo dibeliin micin yang bego sekelurahan itu',0,0,1,0,0,0,0
Prabowo sangat layak jadi calon presiden tapi sangat tidak layak jadi presiden,0,0,0,1,0,0,0
JKW ERA: Percuma pembangunan duit utang semua..,0,0,0,1,0,0,0
Beriman kepada Allah SWT yang dungu & biadab? Anda mendungukan & membiadabkan bangsa,1,0,1,1,0,0,0
Klop prabowo pemberontak sekaligus koruptor.,1,0,0,1,0,0,0
udik udah mendarah daging di kamu',0,0,0,1,0,0,0
Nanti ada baju Muslim bertuliskan: #2019GantiPresiden#2019PrabowoPresiden,1,0,0,1,0,0,0
Mobile langend memang babi anjeng xnk kasi naik rank kimakkk team Noob babi bocahh setan',0,0,1,1,0,0,0
Jahahaha cebong kapir alay goblok munafik  jijik banget dah iyuuhhh',0,0,1,1,0,0,0
 Jadi dukung koruptor! Bubarkan kpk. Pantesan... dari situlah issue issue pki keluar. Dasar koruptor,1,0,0,1,0,0,1
TKA Cina memang dimanja....',1,0,0,1,0,0,0
Hanya orang bodoh jika beropini bahwa PKI tdk bangkit.presiden cuma pinter akting & pencitraan.Intelijen TNI yg bicara adanya PKI bangkit,1,0,0,1,0,0,0
jangan sampai Indonesia diambil alih sama cina... Apa perlu kita semua BoikotProdukChina ???,1,0,0,1,0,0,0
Ga penting ngpain lu komen. Kan tolol,0,0,1,0,0,0,0
emang udah pada sarap  gapunya rasa peduli sama sekali bgstttttttt',0,0,1,0,0,0,0
Lu yg goblok  lu nnton gak acara ny semalam? Gak ad beliau mengatakan islam fiksi  mana ad bukti video ny? Lu islam atau kafir ? kalau islam kebangetan lu fitnah sesama muslim kalau kafir gue gak heran,1,0,1,1,0,0,0
fiks dia sinting',0,0,1,0,0,0,0
Mamat tu masuk dalam Van! Celah mana kereta lai rosak tu setan. Dasarrrr',0,0,1,0,0,0,0
Manis cuman di awal. Butut Goblog!!!!! #SolerOut #HerjosOut',0,0,1,1,0,0,0
Udah menghina tapi ngga malu menggunakan fasilitas yg pemerintah bikin! Bani daster ngga tau malu! Ngga punya harga diri makan gaji Dr negara yg Dia hina! Haram! !!',0,0,0,1,0,0,0
Nanti dulu !!!Emang anaknya Pepo bisa apa Nampang doang  Mo dibawa kemana bangsa ini  mo jadiin foto model Cebong aja urus  biar ga rewel gini !!,0,0,1,1,0,0,0
Besok kalau Prabowo nyapres lagi dan teriak-teriak masalah ketimpangan jangan dipercaya. Dia aja ngatain wartawan gaji kecil kok,0,0,0,1,0,0,0
Tabayyun sebelum ngomyang..cocot busuk lol dipelihara  memaikan isu SARA kok bangga',0,0,1,1,0,0,0
Siapa yang bilang jadi kapir emang susah?? Hahaha tuh kan sel2 otak lo blom nyambung juga ya. Susah emang jadi kapir  cebong pula. Orang ngomong kemana dia ngomong kemana  ngatain agama islam aja pake rujukan internasional. Hahaha ma,1,0,1,1,0,0,0
maksutnya kelas bawah hrs diem gk boleh bicara ya Pak  itu namanya otoriter,0,0,0,1,0,0,0
Daripada kau Bodat KOMUNIS TOLOL',1,0,1,0,0,0,0
Soal Munir juga ada kaitannya dengan mengapa Rezim Jokowi sangat anti Islam. Setelah saya twitkan semoga menjadi jelas sejelasnya.,1,0,0,1,0,0,0
Freeport kan memang kontraknya mau habis  jadi biasa aja ga ada yg istimewa.Yg aneh dollar skrg mau tembus 15.000 tapi malah pada mingkem. Memang penjilat kekuasaan menjadi dungu ya tum melihat bobroknya kinerja rezim.',1,0,0,1,0,0,0
haduh tolol yh pendukung rezim ini yah kaya gini....',0,0,1,0,0,0,0
DIKTATOR JOKOWI jongos organisasi jagal manusia NU lagi ngatur siasat kampanye.,1,0,0,1,0,0,0
Ngawur...sembarang aja Pansus hanya menghambat KPK utk penyelidikan teman2nya yg koruptor bubarkan DPR yg sarang koruptor,1,0,0,1,0,0,0
kirim bantuan pencitraan,0,0,0,1,0,0,0
EH ANJING G USAH BANYAK BACOD LUH. GUE TANTANG DUEL LUH BANGSAD',0,0,1,1,0,0,0
Dasar..kunyuk nih nyariduit..modal nipu..bangsat Abu..',0,0,1,1,0,0,0
"Tak baca brita nya..sy kira ni aki"" mngkin dah punya gangguan jiwa.seandai nya nnti 2019 amin kalah.bisa"" nanti malaikat di bilang kafir dan pro aseng.kasian malaikat gk ngerti urusan capres tp di bawa"" ma aki"" gila.',1,0,1,1,0,0,0"
Ngoaaahahaaa saking kejang kejang nya si bani kuda wowok bin onta  sampai ga baca tulisan gue ..... ibu kau msh selingkuh dgn kuda wowok tuh.... ngoaaahahaaaa ,0,0,1,1,0,0,0
"Cari simpati ummat muslim jabar buat pilpres 2019...; Mudah""an ulama &amp; ummat islam jabar tidak terkesima &amp; terpengaruh dg trik dan gaya kemunafikannya si mukidi..,1,0,0,1,0,0,0"
yg nebar kebencian itu ahok mbak masa mbak gak tau sih sampai dia jadi terdakwa loh ,1,1,0,1,0,0,0
MAMPUS W MAMPUS YUGI MAMPUS LO ONTA ARAB',0,0,1,0,0,0,0
"Jika tidak ada demo berjilid-jilid atas pernyataan  soal kitab suci adalah fiksi  maka hampir bisa dipastikan tujuan utama gerakan ""Bela Islam"" berjilid-jilid versi 212 dst adalah motif politik untuk menjatuhkan Ahok. Ahok telah menjadi korban.,1,1,0,1,0,0,0"
Ketahuan kan akhirnya...ngaku sendiri maksa org dipenjara.. Bajingan berkedok agama,1,0,0,1,0,0,0
Yg dongo elu bong.. Yg kampret juga elu kalabong.. Jd ngapain marah2... Dan siapa juga yg nyuruh elu ladenin...elu aja baru netas.. Bong bong',0,0,1,1,0,0,0
"Pndukung Prabowo spt ARB  SDA adl org2 bejad tabiatnya kasar termasuk org ini &gt;&gt; ',0,0,1,1,0,0,0"
Betul. SBY secara objektif lebih mumpuni. Politisi Indonesia terhebat saat ini. Ga kayak jokowi  ga pantes jadi presiden ,0,0,0,1,0,0,0
BACOT LO. ALBUM-ALBUM GUE BELINYA JUGA PAKE DUIT GUE. GA NGERUGIIN EMAK BAPAK LO INI Akibat terlalu sering diceramahin beli album',0,0,0,1,0,0,0
Nama: Jonru Ginting Status: Terlapor Kasus: Ujaran Kebencian (diduga) Mendukung Anies-Sandi,0,0,0,0,0,0,0
nga usah ngomong luh geblek!!',0,0,1,0,0,0,0
Setuju klo tdk mau kita usir seluruh budha yg di indonesia?,1,0,0,1,0,0,1
Anda menghina Islam  Muhammad tidak tahu budi terhadap sukunya sendiri  mengajar solat minta pahala dari Allah SWT,1,0,0,1,0,0,0
BUBARKAN ILUNI UI,0,0,0,0,0,0,1
Pak  secepatnya Islam dinyatakan sesat dan menyesatkan  tidak perlu lagi ada bank syariah,1,0,0,1,0,0,0
Ikutan aja lu  kampret.',0,0,1,0,0,0,0
Blm jd gub aja sdh nabrak etika  gmn kl menjabat? Emg yg lantik dia kl jd gub dukun ya ato capres? Kl ga seneng sm presiden yg menjabat ya jgn mau dilantik sm beliau jd jgn jd cagub skr  ntar aja kl yg dia dukung sdh jd presiden br nyagub..',0,0,1,0,0,0,0
DASAR CEBONG DUNGU 7 TURUNAN&lt,0,0,1,0,0,0,0
"Seriuus neh berita ??? Polisi mau ikutan politik... Kok braninya ama tukang becak... Emang dia doang yg pakek... Dah mulai ketakutan yaa.. ""power syndrome melanda istana"" vs tukang becak. ,1,0,0,1,0,0,0"
Prabowo Subianto Tak Restui Ketua Gerindra Jateng Maju Pilgub Ini Alasannya ,0,0,0,0,0,0,0
Jangan serahkan nasib Bangsa ini kepada orang-orang yg mengabdi (meng-kacungkan diri) ke cukong-cukong aseng pengkhianat NKRI yg jadi pemodal dana kampanye mereka.#2019GantiPresiden',1,0,0,1,0,0,0
Karena partaimu pdip itu bajingan',0,0,0,1,0,0,0
Kaum 1/2 kapir dengan #OtakJunkFood nya masih berkelit mencatut islam dg kegiatan2 yang merusak aqidah islam',1,0,0,1,0,0,0
Alaaaahhhhh  omongan cebong mah udah ketauan kemana arahnya... Mau pakek tol kelok 1000 pun tetep... Ga usah sok2 Islam lu bong!!!',1,0,1,1,0,0,0
Anda mendungukan & membiadabkan bangsa mengajak menyembah-nyembah Allah SWT dungu dan biadab,1,0,1,1,0,0,0
jokowi yg mundur lebih pas!!!,0,0,0,0,0,0,1
Binatang terkutuk',0,0,1,0,0,0,0
Bilangnya anti ASING  ASENG  ASONG dan KOFAR  KAFIR  KAMPRETTTT.Ternyata manusia MUNA... semua kalian USER doyan juga rupanya sama ASENG sampe import bawang puti,1,0,0,1,0,0,0
dasar tolol.',0,0,0,1,0,0,0
Masih lebih terhormat pelacur dari pade lo iblis betina kerjanya hanya nyebarin HOAX  nista amat sih hidup lo',0,0,1,1,0,0,0
Ditanya siapa gantinya presiden  celeng lansung klojotan Gak salah rockygering bilang celeng dungu stabil.',1,0,1,1,0,0,0
Bangke luh...',0,0,1,0,0,0,0
Giliran disodorin fakta yg ada cebong pd mingkem...ttep aja bgi cebong mau die sengsara jg dkung Dilan.otaknya udh terkontaminasi...gc bisa mikir waras',0,0,1,0,0,0,0
klo mmang benar dngan smua ini   tanpa adanya hukuman buat si Bangke keturunan Babi keparat ini. Cukuplah sudah penderitaan yg di alami Rakyat indonesia (Nusantara yg di dlmnya bahasa adat istiadat budaya ras agama suku dll)Pemimpin a,1,0,0,1,0,0,0
Cebong udah girang  pdhl di kibulin  najis lo bong mata lo pd picek..',0,0,1,0,0,0,0
Ayat ini juga dikaji: penggallah kepala dan pancunglah tiap2 ujung jari mereka (8:12),1,0,0,0,0,0,1
Bak sampah jerman sdh anis diresmikan  blm? Wc keliling gunting pitanya ya  nis.',1,0,0,1,0,0,0
Seandainya Jend. Suharto tidak ada di tahun 1965 nasib bangsa indonesia bisa menjadi negara komunis ateis ,1,0,0,1,0,0,0
Mana sangup dia nangkep. Yg jadi presiden cuma petugas partai. Junjunan mangkrak ya jinjingan bloon',0,0,0,1,0,0,0
Lawan Politik Mulai Tebar Fitnah Ada Upaya Jegal Prabowo Maju di pemilihan presiden 2019 ,0,0,0,1,0,0,0
udehh tau junjungan cebong itu licik..yaa kok pada mau menghamba ama tukang ngibul..',0,0,1,1,0,0,0
Kapan  bikin film bakar2 Sekolahan buat pencitraan pak USER ,0,0,0,1,0,0,0
"Mau mulai FuBu-an tuh  pelajari dulu calon partnernya. Jgn langsung hajar. Pake analisa SWOT. Pelajari strengthnya apa  weaknessnya apa  opportunity kyk gimana &amp; threat dr sebahaya apa. Logic dikit. Jgn   begitu ketemu langsung sikat. Kalo dia psyco gara2 disyerpik  mampus ,0,0,0,1,0,0,0"
"hati-hati kalian orang-orang dan kader GUSDUR yg pribumi antek CINA yg dipasang di rezim ini Lagi sedang ""ngepret"" saat ini.,1,0,0,1,0,0,0"
Kenapa #2019GantiPresiden ?  ?Karena Pengangguran Meningkat?,1,0,0,1,0,0,1
Kecoak mulai ngomong g jelas juntrungannya  ya gw tinggal  gak mutu ngomong sama orang dungu kayak ente',0,0,1,1,0,0,0
BODO AMAT BNGS GUE LAGI UAS ,0,0,1,0,0,0,0
jyjyk kau maho',0,0,0,1,0,0,0
Dasar celeng :),0,0,1,0,0,0,0
Maling teriak maling  Kafir teriak kafir  biaSanya orang2 kayak gtu waktu lahirnya cmpur TAI...!',1,0,1,1,0,0,0
Si anak kampang muncul di twitter ',0,0,1,0,0,0,0
APA-APAAN BAPAKNYA SI KA COCOT SITOHANG',0,0,1,0,0,0,0
karena kamu kayak kntl',0,0,1,0,0,0,0
lebih unik bapak lo dari pada jokowi,0,0,0,1,0,0,0
"Nabi Adam itu Fiksi; Nabi Ibrahim itu Fiksi; Nabi Musa itu Fiksi; Nabi Nuh itu Fiksi; Nabi Isa itu Fiksi; ; Dan para ulama jadi kelihatan dungu utk memperingati Nuzul Quran tiap tahun  jk mengikuti logika USER,1,0,0,1,0,0,0"
Apalagi teriak Allah hu Barbar  rusak telinga Bung Fahri  kapan diskusi Buang Islam di DPR?,1,0,0,1,0,0,0
Kkkkkkkkkkkkkk  Bong200 koq sama sprti junjunganmu sdh dungu plonga plongo lagi.... #2019GantiPresiden,1,0,0,1,0,0,1
Lagi! Isu kemanusiaan Rohingya membuktikan ketidakcermatan  dan Tim dalam mengelola sebuah isu.,1,0,0,0,0,0,0
Ada saatnya kau menyesal bangsad :v Karna saya sakit aja ini  saya jadi gak bisa ngapa-ngapain  tunggu aja saya sehat ya lihat apa yang bisa saya lakuin  bangsad kau.',0,0,1,0,0,0,0
Kafir nyamar. Pemakan babi. Mulut sama dengan junjungannya yang PK di tolak.',1,0,1,1,0,0,0
Eh serius pen muntah beneran tai lo hyung',0,0,1,0,0,0,0
Mereka sinting ...dan mulai merusak',0,0,1,1,0,0,0
"Aki"" Amien Rais blg prabowo sm dgn bung karno ?sma drmn bung karno mempersatukan suku agama ras pulau NKRI wowo mlh mmcah belah dsr mabok aki,1,0,0,1,0,0,0"
kamu gak salah. Masa mau belajar hal baru atau mau melihat sesuatu dari kacamata lain melalui tvshow ini salah? Nggak  kamu udh baik adanya. Lanjutin aja apa yg kamu lakukan itu positif bgt utk diri kamu. Mereka mah emg udh pada dasarnya tolol dan gamau berkembang jadi,1,0,0,1,0,0,0
Berbagai cara dilakukan rezim jokowi (baca: rezim SBY jilid 3) untuk meraih dukungan Republiken. Isu Islam Radikal  terorisme Islam  ancaman ISIS  Islam Nusantara  LGBT dll digoreng untuk meyakinkan Republiken AS bahwa presiden RI mendatang tetap di tang,1,1,0,1,0,0,0
Yang anti kebhinnekaan cebong  yg dituduh ummat islam',1,0,0,1,0,0,0
Berdalih 4 pilar  MPR dungukan & biadabkan bangsa  dakwah Islam menyeru nyembah2 Allah SWT benci kafir  mecah bangsa,1,0,1,1,0,0,0
Kno gw bilang bencong tu hti? Karna ikut makan duit pemerintahan yg sah skrg  tapi mau mengganti dasar Pancasila Negara dgn khilafah  apa gak bencong itu namanya?,1,0,1,1,0,0,0
key-point : cebong dungu  IQ sekolam  ngeyel ujung2nya balik ke kolam  pokoknya ganti ..trus apa lagi ya?? ,0,0,1,1,0,0,0
PemikiranDuaArahRiskanDiHantamMasalahKaRenaPosisinyaDitengahSebagaiPenyeImbangBiLaTerLaluCondongHabisLahSudah... *KaLauHiTamKatakanHitamBegituPuLaSebaliknya #2019GantiPresiden,1,0,1,1,0,0,0
September perang PKI Desember perang topi santa gitu aja terus sampai prabowo jd mentri peranan wanita.,1,1,0,1,0,0,0
Luar Biasa hingga kebijakan Indonesia tdk boleh bertentangan dgn kepentingan Cina,1,0,0,1,0,0,0
DPR MPR segera ambil tindakan  PECAT DENGAN TIDAK TERHORMAT Setya Novanto  kami tidak sudi diwakili manusia hina itu!! ttd. RAKYAT INDONESIA,0,0,0,1,0,0,1
Iya huhu dia tuh orangnya emang rada udik ngeliat sesuatu langsuh WAAH WAAH WAAH  kayanya peru buat kompilasi dia bilang waaah waah',0,0,0,1,0,0,0
Lu yg lebih dongo  suporter kok promosiin film wkwkwk sampe ikut berpolitik jga wkwkk #AingPersibAingPolitik',0,0,1,1,0,0,0
Cewek lo maho.',0,0,1,0,0,0,0
Apa usir saja budha myanmar disini supaya tidak buat kacau seperti di myanmar?,1,1,0,1,0,0,0
Inikan rezim anti Islam yah jd kita kudu ngertilah,1,0,0,1,0,0,0
kalau provokasi lengeserkan Jokowi..gue ikut juga mau lengserkan Jusuf Kalla. ..biar adil biar rame.. JK tamak.,1,0,0,1,0,0,1
Ini rezim sensasional  tindakan dn peristiwa diluar NALAR kita smakin dominan terjdi  berdoalah smoga tidak ada yg mendeklarasikan Islam Cebong Nusantara ,1,0,0,1,0,0,0
Sebelum Tentara Saudi Tiba di Suriah  ISIS BANCI LARI ke Libya  ,1,0,0,1,0,0,0
Jika ahok bebas ULAMA  kemungkinan akan bisa memberi komando revolusi lengserkan jokowi*_ Sumber Dari:_,1,1,0,0,0,0,1
Selamat di atas penderitaan orang lain ? Hih. ,0,0,0,1,0,0,0
budha membantai muslim rohingya,1,0,0,1,0,0,0
pendusta itu pemimpin agama kristen gitu ya teh?,1,0,0,1,0,0,0
Elo yg goblog.. jdi twet si zonk m omongan si wowo g mengarah kesitu??',0,0,1,0,0,0,0
Kartu kredit gak punya tpi Utangan Negara Banyak,0,0,0,1,0,0,0
aq paham skrg knp pemerintah pusat terkesan spt membiarkan ASU dgn segala progran2 bego progresifnya  taunya yaa biar masyarakat bisa nilai sendiri n pasti program2 itu ancur2 sendiri kok  ya namanya juga ASU  emang bisa apa selain pose elang ngepet.. ,1,0,1,1,0,0,0
kaum cebong dungu  saham itu soal pengambilan keputusan mayoritas  bukan dapat keuntungan lebih banyak..emangnya siapa yg gaji pekerja  yg punya alatnya ? semua dari freeport..',1,0,1,1,0,0,0
Yg gak pake jilbab komunis? Megawati  sri mulyani  puan maharani lo sebut apa?Mo ngetwit pinter dl ya tong...',1,0,0,1,0,0,0
lu bacot',0,0,1,0,0,0,0
Apa pak Jokowi gak punya staf ahli khusus mempertahankan aset nasional? Terlalu.... diktator jomblo lokal,0,0,0,1,0,0,0
Makin masif saja para cina dan antek komunis ,1,0,0,1,0,0,0
Asli bego gak kelar2 nih partai. Kualitas kayak gini disebut partai Allah. Ckckck.. Begonya lagi bani micin masih setia aja mendukung bosnya jadi capres. Dumbception..',1,0,1,1,0,0,0
Pak  proses buang Islam tak boleh main paksa  tapi harus dilakukan dengan kesadaran sendiri,1,0,0,1,0,0,0
Ahok harus Tamat penjarakan ahok penjarakan ahok,1,0,0,0,0,0,1
Isu pki terus di hembuskan grup grup pendukung prabowo,1,0,0,1,0,0,0
"Pak  tolonglah. Ajak buzzer"" bapak untuk jadi lebih pinter. Bukan anggar jago menghina orang"" yg ngga suka. Pake lapor"" polisi. Duh!,0,0,0,1,0,0,0"
Belum dijelaskan  haji adalah penipuan? Ibrahim tak mungkin dikubur di Kabah  Anda biarkan rakyat ditipu Pak Lukman?,1,0,0,1,0,0,0
Sinting kah km ini bos yg mo bubarkan kpk siapa klo bkn km dan orang-orangmu,1,0,0,1,0,0,0
Sampean sarap ya..kl impor pswat terbg gak pa2.. ini impor garam. Gk kebayang indonesia yg isinya garam semua kok garam jgdiimpor ...dasar otak ente ampu kaki',1,0,1,1,0,0,0
Ya..ttp aj waspada..!!Antek komunis itu pintr kamuflase..,1,0,0,1,0,0,0
apapun masalah nya   muara nya tanggung jawab Presiden.. solusi dari solusi terbaik.. Turunkan jokowi...!!,1,0,0,1,0,0,1
Jika ada tokoh agama  Lalu berpolitik praktis untuk jabatan2 publik?  Dengan menggunakan identitas keagamaan?. ?. Itu di lingkungan agama Budha  Ibaratkan ada yang mengaku biksu  Tetapi makan daging iya  Bahkan berkeluarga Minum miras pun iya,1,0,0,1,0,0,0
Bukan milik kampret bodoh pastinya..ga sampe otaknya kampret',0,0,1,1,0,0,0
Ayo dah dukung penuh 1.000% Yg jelas #2019GantiPresiden,0,0,0,1,0,0,1
Gw juga ngimpi SENTILIN BIJI BABI AHOK  pcetar Pcetar  langsung kejang2 die  ngadu ke Jkw  Jkw: makanye sunat dulu  bru NGOMONG Almaidah.,1,0,1,1,0,0,0
Wkwkwkwk mampus luh',0,0,0,0,0,0,1
Bodat KOMUNIS piaraan CINA LOLENG kau',1,0,0,1,0,0,0
Antek PKI dan simpatisannya juga proxy cina komunis pasti sangat membenci TNI dan Panglimanya. Wajar seekali merek,1,1,0,1,0,0,0
Promosi bani kampret',0,0,1,1,0,0,0
Bukan nya elu dan gerombolan elu malah lebih sering menghina Presiden?? Mestinya lu duluan Yg diproses..',0,0,0,1,0,0,0
kapan kita mulai lengserkan jokowi frop ?itu udh lebih parah frop ,1,0,0,1,0,0,1
buta ya om',0,0,0,1,0,0,0
BACA MULAI DARI JUDULNYE NYET BIAR GK JADI DOMBA IDIOT!!!',0,0,1,0,0,0,0
Usai Dibebaskan Pengadilan Ust. Alfian Tanjung Langsung Ditangkap Lagi. Dimana keadilan?  ,1,0,0,1,0,0,0
Fitnah makanan elo nih akun sampah..,0,0,0,1,0,0,0
Luh anak monyet  sllu bawa2 agama kalo bicara politik harus tau wawasan .wwsn luh dangkal jdi kalo di sosmed luh bcranya sektariannizrm - pemecah belah masalah umat dan beragam suku dan ras agama bicara para kecebong .makar .wong panglima gatot ajah .gak ada kaitanny,1,0,1,1,0,0,0
Semoga Allah segera menghancurleburkan kafir Budha teroris yang telah menzalimi kaum Muslim Rohingya.,1,1,1,1,0,0,1
Zaman pak SBY antek-antek PKI tdk merajalela mengganas seperti masa sekarang.,1,0,0,1,0,0,0
CSIS pembohong jangan harp menang 2019 cuih ,0,0,0,1,0,0,0
MUNDUR dari sekarang pak Gatot &amp bersaing sehat dgn Pk Jokowi,0,0,0,1,0,0,0
Pe Ka eS lagiiiii...!!! USER gitu lho... Partai Kampret Sejati ,0,0,1,1,0,0,0
namanya juga cari nafkah bangsad',0,0,1,0,0,0,0
Setuju pakek banget...  Sekjen PCN (Partai Cocot Nusantara)',0,0,1,0,0,0,0
Keparat bener org macam mantan gue itu',0,0,1,0,0,0,0
Sekjen PBB keknya bagian dari Saracen.. :-),0,0,0,1,0,0,0
Saya suka video  'AHOK BEBAS' Anies Makin Terpuruk &amp Terancam Gagal Jadi Gubernur Jika Sandi RESMI,0,0,1,1,0,0,0
Kampret sudah merusak Nusantara dari jaman Majapahit dan terus berlangsung hingga kini terlebih setelah diwadahi oleh HTI cs dg ide killafah',1,0,1,1,0,0,0
kalo KH Ma'ruf ngomong pada belaga budek   pada belaga pilon  masih nyundul #gantipresiden,0,0,1,1,0,0,1
Sy yakin klo rakyat di suruh mmilih spa harus di bubarkan psti nya DPR yg hrs di bubarkan ! wlo ga ssuai kntitusi ,0,0,1,1,0,0,0
replyan gue ga dibalas mulu dasar onta cebong',0,0,1,0,0,0,0
Orang punya saksi anjing dikasus babi.. Tolol ,0,0,1,0,0,0,0
ANJING GOBLOG SETAN BANGSAT!!!!!!!!!!',0,0,1,0,0,0,0
Ahokers 11 12 = Jokowers Mereka Semakin KESURUPAN Rakus 2 periode ?? Krn itu #2019GantiPresiden Bergerak?,1,0,0,1,0,0,0
20.3 kb/s. Koneksi bangsad-_-',0,0,0,1,0,0,0
KAMU DASAR BAJINGAN...GAK BISA DIPERCAYA OMONGANNYA...',0,0,1,1,0,0,0
Ganti Presiden Endasmu atos....jangan ngumbar cocot he...goblog....',1,0,1,1,0,0,1
Males gua bacanya onta',0,0,1,0,0,0,0
Anak pemberontak tak layak jadi apa-apa di negeri ini.,0,0,0,1,0,0,0
Detik ini juga membuktikan Lu lelaki BAJINGAN',0,0,1,0,0,0,0
Bandung udah ga butuh event2 tiap weekend atau tiap tanggal merah. Macet bangsad',0,0,1,0,0,0,0
presiden buta tuli makanya memimpin dg tubruk-tabrak dan budek denger rakyat teriak lengserkan jokowi,1,0,1,1,0,0,0
bising betul cina cina ni 1,0,0,1,0,0,0
Bro  jgn lupa dijenguk! Gara-gara asma dewi lo menang kan,0,0,0,1,0,0,0
WONG EDAN KOE',0,0,1,0,0,0,0
Setiap kritik ke jokowi pasti dianggap nyinyir ama bani kolam.Mau mrk  itu kritik lalu diujungnya hrs dukung 2 periode.Lo kritik tp gak dukung  artinya nyinyir dan itu haram. Begitu definisi kritik ala cebi.Dan nalarpun rusak parah....',0,0,1,1,0,0,0
paling agendanya jg sama tema boleh beda tujuan ttp sama turunkan  mau nya diperalat politik dgn kemasan agama,0,0,0,1,0,0,0
Dulu para pahlawan berjuang susah payah  korban jiwa raga utk usir penjajah. Eh..skrg koq kita biarkan negeri ini dijajah cina dgn mudahnya ?!,1,1,0,1,0,0,0
GAUSAH DIBALIK ONTA',0,0,1,0,0,0,0
Anies sandi gk bakal berani ...yakiinn,0,0,0,1,0,0,0
Emang dia mah gitu  sudah terkutuk bry',0,0,1,0,0,0,0
Dan hebat nya GK ada yg teriak antek cina,0,0,0,1,0,0,0
Nyatanya rakyat makin susah menteri perek daya beli hancur  setan iblis tukang tipu',1,0,1,1,0,0,0
spt ahok dulu .. nasdem disusul dg cs nya .. yg mendukung paslon penista agama dan tukang caci maki tai tai ..,1,1,1,1,0,0,0
Najis bgt erel bencong',0,0,1,0,0,0,0
Kok bs gitu sih asu bgt paypal :(',0,0,1,0,0,0,0
Ahok calonin gubernur *siap-siap demo*,1,0,0,0,0,0,1
Ayooo serbuuu... persekusii... Hina presiden boleh  hina ulama TGB kyai said quraish shihab boleh  hina rijik persekusi... emang rijik nabi?',1,0,0,1,0,0,1
sumpah subjek ni byk gila babi',0,0,1,0,0,0,0
Jangan mau sama eto  homo dia',0,0,0,1,0,0,0
Jgn besar-besar kan si idiot itu  nanti dia jumawa  toh dia menang kemaren itu kita sama-sama tahu #2019GantiPresiden',1,0,1,1,0,0,1
Mulai kepanasan PKI,0,0,0,1,0,0,1
Mari siap-siap untuk bubarkan DPR,0,0,0,0,0,0,1
Orangan mancam ente gak di perlukan di negeri ini GEDONGAN gede dongo ngawur',0,0,0,1,0,0,0
Yg makar omonganmu zon suka adu domba dan bawa nama islam  agama pegangan hidup seseorang jgn sok suci kamu zon lambemu ndoweh banyak bacot',1,0,0,1,0,0,0
Bajingan emang indosat -_-',0,0,1,0,0,0,0
Lg bisnis biarin aja yg pting 2019ganti presiden yg amanah seswe janji..gmgnya gk impor malah serba impor.petani negri sendiri gigit jari. ampun deh',1,0,0,1,0,0,0
Wisma darulaman. Kerja banci. Lebih politik la,0,0,0,1,0,0,0
balik cepat la setan',0,0,1,0,0,0,0
Lu maho',0,0,1,0,0,0,0
Karna si nganu jg sampe skg agamanya msh diragukan tp kalo menurutku sih dia Kapir jg',0,0,1,1,0,0,0
PRESIDEN DIHINA. Kapolri  Menkumham  Mendikbud Menhan  Abu Janda Anshor  Banser. Semua terdiam. Ajaib.',1,0,1,1,0,0,0
Hmmm saya mencium aroma aroma jablay Pantes ae bangsat yoj pergi lu',0,0,1,1,0,0,0
DONATUR 212 JADI KORBAN? (iya sih dia jadi korban) TETAPI korban dari KEBIADABANNYA menipu 86.720 orang yang mau umroh.,1,0,1,1,0,0,0
Jangan biarkan Pemprov DKI bekerja sendiri  mari kita dukung dan ikut membantu Pemprov dalam melawan cukong  aseng  asing dan para koruptor.Bersatu kita teguh  Pemprov DKI bersama warga DKI Jakarta   dan para k asing aseng melawan cukong,0,0,0,1,0,0,0
Kampungan bgt sih ngomongnya   diatas bahas apa lu jawab apa Sorry nga level berdebat ama Lu   Dungu otaknya,0,0,0,1,0,0,0
Palestina antek aseng jg tohh....',1,0,0,1,0,0,0
jokowi tidak hormat terhadap muslim yg terzalimi,1,0,0,1,0,0,0
Mohon dapat dimaklumi. Bani kodok gampang meriang kurang oxigen kelamaan dicomberan.',0,0,0,1,0,0,0
Klo benar setya novanto nitip absen .... Bener bener politisi koplak bikin malu wakil rakyat.....pecat dia....,1,0,1,1,0,0,1
Selamat datang bani kampret',0,0,1,0,0,0,1
dimas maho doyan pentil mimi peri',0,0,1,1,0,0,0
Blokir Jokowi Mantap  ternyata di dunia maya sdh menggambarkan  tinggal realisasi di dunia nyata LENGSERKAN JOKOWI,1,0,0,0,0,0,1
Pak  tak perlu Anda ber-busa2 bicara deradikalisasi  cukup jelaskan solat tak ada manfaatnya,1,0,0,1,0,0,0
Dengan Gojek #2019GantiPresiden ayo viralkan cc ,1,0,0,0,0,0,1
sengkuni sekarang sudah jadi tukang ramal lho  dia ramal anies penyelamat bangsa cocot e sengkuni kok dipercaya  masuk neraka lo kalau percaya amin rais si tukang ramal',1,0,1,1,0,0,1
Sumbu pendek: jokowi koalisi dengan negara PKI  Jokowi PKI  lengserkan jokowi.... pusying hamba,1,0,1,1,0,0,1
Aku bukan minat pun mail. Tapi looking at whole..Ya dia memang dulunya cheater. Tapi dia da mengaku silap dia and minta maaf. Yg sampah sarap adalah kau . Sshhh',0,0,1,1,0,0,0
Dulu waktu kampanye pak jokowi berkoar2 menjanjikan  tarif listrik gk naik BBM gk naik menciptakan 10000 lapangan kerja  tapi nyatanya nonsens itu semua  apa ini yg di bilang gk cacat?????',1,0,1,1,0,0,0
Ada yg bilang alexis ditutup cukup dengan surat... hehe ketawain aja.. dah baca belum pers rilis dr manajemen alexis.. tp ga apa2 para kampret mah gampang dibegoin  dulu jg pernah bilang ditutup eh msh exis tuh alexis...',1,0,1,1,0,0,0
Apa dia pikir korban yg tewas itu bukan orang??Manusia sontoloyo kayak gini kok bisa jadi anggota Komnas HAM??Saya nggak rela uang pajak saya membayar gaji orang goblok yg tdk memiliki empati ini!',1,0,1,1,0,0,0
"geng messi kntl. tapi rapopo deng  biar #Icardi &amp; #Lautaro cepet nyetel.',0,0,1,0,0,0,0"
Kelakuan batak kafir itu ya seperti si . Suka memecah belah umat.,1,0,1,1,0,0,0
namanya jg simpang susun bukan bundaran semanggi. Oom Habib waras? dasar katrok lo Oom.,0,0,1,1,0,0,0
Petamina Rugi  Garuda Rugi PLN rugi  KAI rugi  Dan banyak lagi BUMN yg harusnya untung malah devisit tapi masih ada pihak yg tanpa sungkan bilang Jokowi presiden hebat. giliran anaknya bisnis pisang goreng omsetnya Triliunan mereka percaya ..dungu ,1,0,0,1,0,0,0
Terbukti kan kalo lo cuma modal fitnah??Semua cebong sama..modal bacot kenceng dan fitnah sana sini tanpa bisa ngebuktiin..lo gak jauh beda sama temen temen lo yg di kolam..,0,0,1,1,0,0,0
perempuan kaya lo mending mati aja deh  jelek aja  gausa sok jadi make up artist!,0,0,1,1,0,0,1
Haha.. sempit banget pikiranmu bang.. cuma ada kampet cebong doang.. kasian saya..',0,0,1,1,0,0,0
gausah sok cool gitu ngetik jutek. ga cocok udik bgt',0,0,0,1,0,0,0
rakyat kecil susah cari makan dipimpin jokowi. gayanya merakyat tapi menyiksa rakyat. harus diganti  dari pada mati. #2019GantiPresiden,1,0,0,1,0,0,1
Di tunggu aksi bela KAFIR hari tanu .,0,0,0,1,0,0,0
ngakakkk bgt yg gak kepick ya derita Ice mochi gua lo gak pantes taken lo cacad di,0,0,0,1,0,0,0
Keterlaluan kalo ada manusia yang doyan sama Sontoloyo model ginian',0,0,1,0,0,0,0
Cebong senior nihh',0,0,1,0,0,0,0
Dulu yg sumbu pendek itu mendukung penista agama Islam dgn al'maidah 51 itu. Kok skrg mencak-mencak dgn kedunguannya.,1,1,0,1,0,0,0
Cebong mana ngerti',0,0,1,0,0,0,0
Res.. Res Cebong klo ga goblok ya bloon res.. Mklumin aje..',0,0,1,1,0,0,0
bencong idiot it kl yg ga berani pk akun asli buat sebar hoax dan fitnah  nah skrng cb liat aja akun lu cong ,0,0,1,1,0,0,0
Koq rakyat gak bisa lengserkan jkw ?,0,0,0,0,0,0,1
Nih terakhir aku tanya lagi: Itu utang era Jokowi semua  bencong? Pasti mingkem lagi... si gembel warnet.... banci kaleng..,1,0,1,1,0,0,0
BIADAB REZIM JOKOWI!!! ,1,0,1,1,0,0,0
Cebong jangan dinasehati bu... ga mempan ... mempannya diludahi 3x disebelah kiri sambil baca auzubillah,0,0,1,1,0,0,0
Sepertinya gerombolan  rindu kerusuhan  hati2 dikabul Tuhan #IklanAhokJahat,0,1,0,1,0,0,0
maju lu sini asu ,0,0,1,0,0,0,0
Ente lupa SBY 10 tahun kowi 3 tahun ? Buat prosntasi baru jelas kawan !! Sembako garam saja Import ( gila kan ),1,0,0,1,0,0,0
Woy bos  lo mau bilang apa sih  bahwa krn ada org hina agama lo  trus si brengsek itu tidak bersalah dan boleh dibenarkan tindakannya? Begitu rupanya ajaran kalian  ga heran lo junjung HRS,1,0,0,1,0,0,0
Jomblo jablay kayak perek :)',0,0,1,1,0,0,0
Mpok silvi nyinyir melulu pertanyaan nya tapi sayang sesat! Maklum sih dese emakemak! #DebatFinalDKI #DebatFinalPilkadaJKT,0,0,0,1,0,0,0
lanjut sambungannya.Asu nih bocah ,0,0,1,0,0,0,0
GANYANG PKI BESERTA ANTEK-ANTEKNYA !,1,1,0,0,0,0,1
bubarkan saja KPK fud.. Jadikan org tersangka asal asalan.. Kalah ni skrg,1,0,0,1,0,0,1
Sudah nyata rezim anti islam.... Dibilang juga hoax?,0,0,0,1,0,0,0
Otak Bani Cebong emang 0 (kosong).Seorang Napi PENISTA AGAMA yg diselingkuhi istri 7 tahun lamanya  jg bermulut jamban dipuja-puja bak dewa..^_^#CebongKoplo',1,0,1,1,0,0,0
JakartaBanjir Pemimpinnya gak punya akhlak yg baik... PENISTA AGAMA. ,1,0,0,1,0,0,0
cr bini dulu baru nyapres masak g punya ibu negara,0,0,0,1,0,0,0
"Ustadz dan Ulama Bicara Politik Dibully Diminta Berhenti.; Anggota Parlemen Kritik  Dimaki2 Dibilang Group Sakit Hati.; Tokoh Nasional Kritik  Dibunuh Karakternya.; Pejabat Aktif Rajin Kritik Dipecat.; Terus ""Penjilat"" Saja yg Boleh Bicara Politik MENYANJU,1,0,0,1,0,0,0"
Baik baik jokowi dia anti Islam,1,0,0,1,0,0,0
"Saya masih ingat dulu ada kelompok pelangi ; Kristen radikal  kaum sekuler dan komunis yg mencibir Habibie. Jangan2 kelompok pelangi itu yang di kumpulin oleh siUSER.',1,0,0,1,0,0,0"
"Emang  kurang ""melek"" mata hatinya? Seriusnyinyir,0,0,0,1,0,0,0"
Anjing2 kelaparan yg rakus duit skrg pesta pora.... curut2 maling duit rakyat makan kenyang skrg... tereak2 kopar kapir aseng asing cuma kedok buat goblokin pemujanya',1,0,0,1,0,0,0
Betul bego dia.',0,0,1,0,0,0,0
Hanya kaum bani cabul yg bisa di bohongi.Bahkan utk makan pun dia berbohong katakan mau pulang agar ada donatur.Rasakaah Azab Allah,0,0,1,1,0,0,1
Terkutuk engkau.',0,0,0,0,0,0,1
Lu kampang bal',0,0,1,0,0,0,0
Allah SWT yang di-sembah2 Muslim adalah syetan  halalkan rampasan ngajarkan tunduk patuh dan ngobarkan cocok2 penis,1,0,1,1,0,0,0
Kya bersih suci sendiri aja kamu TOLOL....trs kmu yg teriak\xc2\xb2 muslim....udh berbuat apa utk sdra muslim mu????klo mkn aja msh NGEMIS g usah kopar kapirin org....benci boleh GO,0,0,1,1,0,0,0
Muslim Rohingya kehilangan kaki akibat ranjau darat yg ditanam Teroris Budha!,1,0,0,1,0,0,0
Wasit picek ini !',0,0,0,1,0,0,0
10 orang terkaya indo. 1 sampai 5 bukan orang indonesia . tapi orang cina . ngerih kalo indonesia kaya singapur nanti yang pribumi di usir,1,0,0,1,0,0,0
"Sifat kampret ada di cebong  licik culas &amp; memfitna  dasar cebong kampret !!!',0,0,1,0,0,0,0"
"Bukti 'on  bukti! Jangan congor doang.."",0,0,0,1,0,0,0"
iya  lu manusia berkelakuan cebong.. mau hina tapi marah dihina..',0,0,1,1,0,0,0
Media pura2 bego dan ajak2 bego orang lain  namanya pembodohan. Parah!!!',0,0,1,1,0,0,0
"dulu guru ngaji sering bilang ""Kalian jangan main sepak bola karena sepak bola itu olah raganya pki"" sdh dikatain antek komunis sejak kecil,1,0,0,1,0,0,0"
Wong edan :(',0,0,0,1,0,0,0
