,Id,Tweet Time,Url,Likes Count,Reply Count,Retweet Count,Retweeted Tweet,User Id,User Name,User Location,Follower Count,Following Count,Likes Count,Tweets Count,Tweet Text,KS,KH,DH,TDH,SWA,LO,AK
17,1580441169007284226,2022-10-13 06:11:52+00:00,https://twitter.com/__Bungs/status/1580441169007284226,3,0,1,,,,,,,,,Sudah bodoh buat hoaks pula ğŸ‘‡ğŸ» https://t.co/qKYKiFoyp0,,,1,1,,,
26,1580412745182171136,2022-10-13 04:18:55+00:00,https://twitter.com/__Bungs/status/1580412745182171136,3,0,1,,,,,,,,,"Penggugatnya berarti bodoh , kalau mau cari jalan pintas buat merusak reputasi Jokowi lebih baik balik ke gurun https://t.co/qzJLJICBqm",,,1,1,,,
93,1578911271973363722,2022-10-09 00:52:36+00:00,https://twitter.com/__Bungs/status/1578911271973363722,4,1,0,,,,,,,,,"Jangan arogan cul @PDI_Perjuangan , fokus saja diarea banteng https://t.co/Z1WASmGO4u",,,,1,,,
108,1578623224052854784,2022-10-08 05:48:00+00:00,https://twitter.com/__Bungs/status/1578623224052854784,0,0,126,https://twitter.com/ChusnulCh__/status/1578611335746981893,,,,,,,,"RT @ChusnulCh__: Si b4nci gagap caper Iagi.ğŸ˜‚ğŸ˜
Ga usah nanti, skrng aja sy ga diakui @ganjarpranowo ga masalah.
seperti halnya sy jadi penduâ€¦",,,1,,,,
224,1576884449760813056,2022-10-03 10:38:44+00:00,https://twitter.com/__Bungs/status/1576884449760813056,10,1,1,,,,,,,,,"Kadrot , kadrun peot ğŸ‘‡ğŸ» https://t.co/04vLXm1WBF",,,1,,,,
250,1576827439048581121,2022-10-03 06:52:12+00:00,https://twitter.com/__Bungs/status/1576827439048581121,1,0,0,,,,,,,,,Jangan tertipu oleh kemunafikan ğŸ¤£ğŸ‘‡ğŸ» https://t.co/5EyMUddg53,,,,1,,,
262,1576795959912058880,2022-10-03 04:47:06+00:00,https://twitter.com/__Bungs/status/1576795959912058880,11,2,3,,,,,,,,,Badut politik sedang memainkan peran tapi tidak akan mengubah apapun https://t.co/NRoTmltuZ8,,,1,,,,
275,1576607693548056576,2022-10-02 16:19:00+00:00,https://twitter.com/__Bungs/status/1576607693548056576,4,0,0,,,,,,,,,"Entah peristiwa apapun yang terjadi diatas bumi selalu bilang ini ulah rezim jokowi, sebenarnya mereka itu makan sampah atau memang asal usulnya dari olahan sampah ğŸ¤£",,,,1,,,
442,1575519624925302784,2022-09-29 16:15:24+00:00,https://twitter.com/__Bungs/status/1575519624925302784,1,1,0,,1387311581042601987,Madebylaluna,zona danger,21632.0,5258.0,141893.0,101905.0,"@Madebylaluna Hati2 posting seperti itu , karena siber twitter lebih kejam dari rasnya kadrun ğŸ¤£",,,1,,,,
493,1574703858223235072,2022-09-27 10:13:51+00:00,https://twitter.com/__Bungs/status/1574703858223235072,1,0,0,,,,,,,,,"Kirain hanya binatang yang berisik kalau lapar , ternyata ada juga orang ngaku jadi manusia ... contohnya ini ğŸ‘‡ğŸ» https://t.co/gyttXiEfxF",,,1,,,,
499,1574646911314718721,2022-09-27 06:27:33+00:00,https://twitter.com/__Bungs/status/1574646911314718721,0,0,0,,,,,,,,,"Tikus politik bisa seperti investor , bisa juga jadi mafia ... https://t.co/98v15a7Ggb",,,1,,,,
502,1574637529021657088,2022-09-27 05:50:16+00:00,https://twitter.com/__Bungs/status/1574637529021657088,2,2,0,,1166673683051532288,BahasaHati6,INDONESIA RAYA ğŸ‡®ğŸ‡©,6444.0,5338.0,41825.0,33321.0,"@BahasaHati6 @fauzanrifan1 @alisyarief Si peyot @alisyarief dari era lampau hanya jongos , kumisnya mulai rontok",,,,1,,,
507,1574630007447515136,2022-09-27 05:20:23+00:00,https://twitter.com/__Bungs/status/1574630007447515136,0,1,0,,1314805490824568837,fauzanrifan1,æ±äº¬,1983.0,2066.0,15655.0,10227.0,@fauzanrifan1 Jongos rasa jurnalis ğŸ¤£,,,,1,,,
637,1573688576889344001,2022-09-24 14:59:29+00:00,https://twitter.com/__Bungs/status/1573688576889344001,4,1,1,,,,,,,,,"Hey idiot.. lo plus ketum partai lo itu kelas politiknya masih dibawah adian , lo aja dari dulu cuma jongos pake bikin bandingan ... dasar tokai ğŸ‘‡ğŸ» https://t.co/j8AsWN84hR",,,1,1,,,
638,1573687330644238337,2022-09-24 14:54:31+00:00,https://twitter.com/__Bungs/status/1573687330644238337,5,1,0,,,,,,,,,"Tidak ada yang jegal dengan rasialis non jawa , hanya lo dan beberapa kadal idiot yang bikin literasi jadi pemahaman bodoh ğŸ¤” https://t.co/Z6B8vJhuu1",1,,1,1,,,
795,1527101207902158848,2022-05-19 01:37:54+00:00,https://twitter.com/CatatanAli07/status/1527101207902158848,5,0,3,,,,,,,,,"Dijaman suharto atau orde baru CHINA tidak sengelunjak saat ini son

Dan orang orang Pemecah Belah Persatuan bangsa dan negara seperti DENNY SIREGAR ABU JANDA CS tidak dikasih tempat saat orde baru son

Dari segi ekonomi ? Jgnkan era soeharto dgn Era SBY aja jokowi belum selevel https://t.co/9dp0NGz9Nl https://t.co/OdnoGOhtB7",1,1,1,1,0,0,0
3,1580451643471994881,2022-10-13 06:53:29+00:00,https://twitter.com/CatatanAli07/status/1580451643471994881,0,0,3,https://twitter.com/Catatan_ali7/status/1580451260452388864,,,,,,,,RT @Catatan_ali7: Pengadu domba tukang fitnah kayak lu mau posting SELF REMINDER BESERTA HADITS DAN ISI AYAT ALQURAN seribu kali pun percumâ€¦,1,0,1,1,0,0,0
6,1580442591241285633,2022-10-13 06:17:31+00:00,https://twitter.com/CatatanAli07/status/1580442591241285633,0,0,3,https://twitter.com/Catatan_ali7/status/1575114480891363328,,,,,,,,"RT @Catatan_ali7: Emak emak itu Kurang puas Apa ya FITNAH gua dulu

Skrg setiap ada yg bermasalah sama gua ikut jadi kompor ğŸ™„

Gak takut apâ€¦",1,0,0,1,1,0,0
9,1580427739676696576,2022-10-13 05:18:30+00:00,https://twitter.com/CatatanAli07/status/1580427739676696576,0,0,2,https://twitter.com/Catatan_ali7/status/1580427538408820736,,,,,,,,"RT @Catatan_ali7: BENCI ARAB
PUJA PUJI CHINA 

GOBLOK !!!!!! ğŸ˜‚ https://t.co/nmqhwZoGlX",1,1,0,1,0,0,0
34,1579804761641332739,2022-10-11 12:03:01+00:00,https://twitter.com/CatatanAli07/status/1579804761641332739,0,0,24,https://twitter.com/Catatan_ali7/status/1579283840908283904,,,,,,,,"RT @Catatan_ali7: REQUEST POLLING dari om @Yunardi99 

Kalian tipe Pendukung ANIES BASWEDAN yang seperti Apa ??

Jika OBJEKTIF Sertakan Bukâ€¦",1,1,0,1,0,0,0
78,1577783093145976832,2022-10-05 22:09:37+00:00,https://twitter.com/CatatanAli07/status/1577783093145976832,0,0,2,https://twitter.com/Catatan_ali7/status/1577780132680323072,,,,,,,,RT @Catatan_ali7: KNTL !,1,0,1,1,0,0,0
83,1576706514840326144,2022-10-02 22:51:41+00:00,https://twitter.com/CatatanAli07/status/1576706514840326144,2,0,3,,,,,,,,,KONTOL !!! https://t.co/2JMHIW05Sj,1,0,1,1,0,0,0
553,1535662267622035456,2022-06-11 16:36:30+00:00,https://twitter.com/CatatanAli07/status/1535662267622035456,5,0,2,,1046007871203291137,JoMinang,Land of Paradox,1239,697,1360,21033,@JoMinang You stupid! Canâ€™t you see? Thatâ€™s fucking dangerous For Padang Because padang Majority Moslem,1,0,1,1,0,0,0
735,1529816141639561217,2022-05-26 13:26:05+00:00,https://twitter.com/CatatanAli07/status/1529816141639561217,2,0,3,,,,,,,,,"Dah gini aja TOREN AER mending lu fokus Tujuan awal lo menjarain RUHUT jangan melebar kemana mana apalagi bawa bawa Khilafah Pks Dll

Kalau perlu Lo sama Ruhut BAKU HANTAM ğŸ˜‚ https://t.co/UUhhcr2tgL",1,0,0,1,0,0,1
849,1524575771594960896,2022-05-12 02:22:43+00:00,https://twitter.com/CatatanAli07/status/1524575771594960896,8,1,3,,,,,,,,,"JATENG AJA AMBURADUL KO ANGKAT ANGKAT PULA JADI CAPRES

ANGKA KEMISKINAN DIJATENG TERUS BERTAMBAH BAHKAN MASUK KATEGORI EKSTREM 

Gubernur kayak gini mau ko usulkan jadi CAPRES ? Gua yang Warga Jateng aja ORA SUDI!!!

GOBLOK LU CHUSNUL https://t.co/hZ0s45iOLv https://t.co/q6XPBPflia",1,0,1,1,0,0,0
883,1524564515148668928,2022-05-12 01:38:00+00:00,https://twitter.com/CatatanAli07/status/1524564515148668928,4,3,1,,1031514793000099846,BarBaro5_,"Cina, Indonesia",4956,1270,51461,34141,@BarBaro5_ Akun gua kenak ras cebongğŸ˜‚ğŸ˜‚ğŸ¤¦â€â™€ï¸,1,0,1,1,0,0,0
910,1524558382874734592,2022-05-12 01:13:38+00:00,https://twitter.com/CatatanAli07/status/1524558382874734592,1,1,0,,1522861243035529218,koh_alien,Di ambang sore,4219,3329,4240,3692,@koh_alien Mungkin diras cebongğŸ˜‚,1,0,1,1,0,0,0
916,1524555305589215232,2022-05-12 01:01:24+00:00,https://twitter.com/CatatanAli07/status/1524555305589215232,0,0,0,,1101500298319749126,DjumadiDeddy,"Jakarta Selatan, Indonesia",13809,12452,63626,82877,@DjumadiDeddy Diras cebong keknya ğŸ˜‚ğŸ¤£,1,0,1,1,0,0,0
979,1518786327353131008,2022-04-26 02:57:32+00:00,https://twitter.com/CatatanAli07/status/1518786327353131008,1,0,0,,,,,,,,,"PENUNGGANG AGAMA ? AHOK MAKSUD NYA ? Yang menggunakan ayat Kitab suci AGAMA orang lain untuk kampanye ? Dan akhirnya kepleset terus dibui gitu maksudnya ??

ğŸ˜‚ğŸ˜‚ https://t.co/qpoUFVZlX4",1,1,0,1,0,0,0
980,1518785785075728384,2022-04-26 02:55:23+00:00,https://twitter.com/CatatanAli07/status/1518785785075728384,11,0,4,,201554665,henrysubiakto,"Kota Surabaya, Jawa Timur",75399,239,7251,22509,"@henrysubiakto PENUNGGANG AGAMA ? AHOK MAKSUD NYA ? Yang menggunakan ayat Kitab suci AGAMA orang lain untuk kampanye ? Dan akhirnya kepleset terus dibui gitu maksudnya ??

ğŸ˜‚ğŸ˜‚",1,1,0,1,0,0,0
4,1580442623268900865,2022-10-13 06:17:39+00:00,https://twitter.com/CatatanAli07/status/1580442623268900865,0,0,10,https://twitter.com/Catatan_ali7/status/1574912256978128902,,,,,,,,"RT @Catatan_ali7: Bayangkan ketika kamu lagi Fitnah orang lagi Ghibahin orang Allah Memanggilmu ğŸ˜¥ğŸ˜¥

maka pergunakanlah kesempatan hidup muâ€¦",1,0,0,1,0,0,0
10,1580422682046189568,2022-10-13 04:58:24+00:00,https://twitter.com/CatatanAli07/status/1580422682046189568,0,0,2,https://twitter.com/Catatan_ali7/status/1580422388830773249,,,,,,,,RT @Catatan_ali7: Jika melihat KARAKTER Pendukung ANIES BASWEDAN saat ini saya rasa ANIES cocok Berpasangan dengan VIKTOR LAISKODAT Di 2024â€¦,1,1,0,0,0,0,0
42,1579467011390074880,2022-10-10 13:40:55+00:00,https://twitter.com/CatatanAli07/status/1579467011390074880,0,0,31,https://twitter.com/Catatan_ali7/status/1423297152458002439,,,,,,,,"RT @Catatan_ali7: Pujian SETINGGI LANGIT dari Anies Baswedan untuk JOKO WIDODO 

ğŸ‘€ğŸ‘€ğŸ‘€ https://t.co/7AxaaaQiHm",1,0,0,1,0,0,0
48,1579061722241200128,2022-10-09 10:50:26+00:00,https://twitter.com/CatatanAli07/status/1579061722241200128,0,0,0,,1460922006266810368,Badmilova,Jakarta,28,101,1674,2667,"@Badmilova @Yonesman2 @andi889966 @OposisiCerdas SAMPAH

BANCI AJA BELAGU ğŸ¤£ğŸ˜‚

UDAH SEBAR KEBENCIAN  DIKASIH FAKTA KABUR...

CUIHHHH",0,0,1,1,0,0,0
54,1578744331892326400,2022-10-08 13:49:15+00:00,https://twitter.com/CatatanAli07/status/1578744331892326400,0,0,18,https://twitter.com/Catatan_ali7/status/1578714717534949376,,,,,,,,"RT @Catatan_ali7: AGAMA PRIVACY ??

Agama Memang urusan kita dengan TUHAN tapi alangkah baik nya Orang Tau AGAMA kita untuk mencegah diskriâ€¦",1,0,0,1,0,0,0
58,1578675784126193664,2022-10-08 09:16:51+00:00,https://twitter.com/CatatanAli07/status/1578675784126193664,0,0,47,https://twitter.com/Catatan_ali7/status/1578673993422626816,,,,,,,,RT @Catatan_ali7: Pak @iriawan84 Selalu Menjaga Protokol kesehatan Beliau Tidak lupa untuk CUCI TANGAN ! https://t.co/8qSdXXcyne,1,0,0,1,0,0,0
66,1578314766535491584,2022-10-07 09:22:18+00:00,https://twitter.com/CatatanAli07/status/1578314766535491584,0,0,10,https://twitter.com/Catatan_ali7/status/1578313943097176064,,,,,,,,"RT @Catatan_ali7: PSI diludahin Ganjar , kalau gua jadi kader nya atau ketua nya udah gua Bubarin Ini PSI karna Malu bangetğŸ˜‚",1,0,0,1,0,0,0
69,1578234643714756609,2022-10-07 04:03:55+00:00,https://twitter.com/CatatanAli07/status/1578234643714756609,0,0,2,https://twitter.com/Catatan_ali7/status/1577417549050179584,,,,,,,,RT @Catatan_ali7: Ini yang dulu ngetuit kelamin disandingkan dengan ibadah shalat jumat Ya din @BarBaro5_ ğŸ™„,1,0,0,1,0,0,0
91,1574367698875604992,2022-09-26 11:58:04+00:00,https://twitter.com/CatatanAli07/status/1574367698875604992,0,1,0,,1244525884775653380,TheEagle_BEN,,7317,104,44834,26649,@TheEagle_BEN @CCICPolri @DivHumas_Polri @DJPPIKominfo Meresahkan sekali pak tangkap saja orang ini @TheEagle_BEN,1,0,0,1,0,0,0
93,1574367313284894720,2022-09-26 11:56:32+00:00,https://twitter.com/CatatanAli07/status/1574367313284894720,0,1,0,,1244525884775653380,TheEagle_BEN,,7317,104,44834,26649,@TheEagle_BEN @CCICPolri @DivHumas_Polri @DJPPIKominfo Tolong pak polisi orang ini @TheEagle_BEN sudah miskin suka maen judi lagi ğŸ™„,1,0,0,1,0,0,0
94,1574366418279092224,2022-09-26 11:52:59+00:00,https://twitter.com/CatatanAli07/status/1574366418279092224,0,1,0,,1492190828499902466,CatatanAli07,,2683,1557,209,4133,@TheEagle_BEN berhentilah ko main judi bodoh!,0,0,1,1,0,0,0
114,1546829268465856513,2022-07-12 12:10:10+00:00,https://twitter.com/CatatanAli07/status/1546829268465856513,0,1,0,,1244525884775653380,TheEagle_BEN,,7317,104,44834,26649,@TheEagle_BEN Ko bicaralah baik baik bodoh,0,0,1,1,0,0,0
116,1546828454066155526,2022-07-12 12:06:56+00:00,https://twitter.com/CatatanAli07/status/1546828454066155526,0,1,0,,1244525884775653380,TheEagle_BEN,,7317,104,44834,26649,@TheEagle_BEN Bahhh pemaksaan itu bodoh,0,0,1,1,0,0,0
119,1546826712091987968,2022-07-12 12:00:01+00:00,https://twitter.com/CatatanAli07/status/1546826712091987968,0,1,0,,1244525884775653380,TheEagle_BEN,,7317,104,44834,26649,@TheEagle_BEN Hajar lah ben jangan pakai lama,1,0,0,1,0,0,0
120,1546826008627580928,2022-07-12 11:57:13+00:00,https://twitter.com/CatatanAli07/status/1546826008627580928,0,0,0,,1244525884775653380,TheEagle_BEN,,7317,104,44834,26649,@TheEagle_BEN @tempodotco Gak suka aku bodoh,0,0,1,1,0,0,0
121,1546825616338857985,2022-07-12 11:55:40+00:00,https://twitter.com/CatatanAli07/status/1546825616338857985,2,3,0,,,,,,,,,Mulai nakal ko bodatğŸ¤£ğŸ˜‚ https://t.co/1iOWaPV1bF,0,0,1,1,0,0,0
143,1545609653739958272,2022-07-09 03:23:52+00:00,https://twitter.com/CatatanAli07/status/1545609653739958272,0,0,0,,,,,,,,,Kan itu nama ko setan ğŸ™„ https://t.co/gI4q8JOfgc,0,0,1,1,0,0,0
147,1545095407713280002,2022-07-07 17:20:26+00:00,https://twitter.com/CatatanAli07/status/1545095407713280002,7,1,6,,,,,,,,,"Abu janda Denny Siregar Itu ASET REZIM mustahil ditangkap apalagi sampai dipenjara 

Puluhan Laporan untuk mereka Mental semua mustahil kalau tidak ada backup bisa lolos terus dari Jeratan Hukum...

#PolriTakutAbuJanda",1,0,0,0,0,0,1
151,1544950891442122753,2022-07-07 07:46:10+00:00,https://twitter.com/CatatanAli07/status/1544950891442122753,0,1,0,,1244525884775653380,TheEagle_BEN,,7317,104,44834,26649,@TheEagle_BEN @DivHumas_Polri Aku tanya ko udah berapa ekor ko cabuli,1,0,0,1,0,0,0
152,1544950134160510976,2022-07-07 07:43:10+00:00,https://twitter.com/CatatanAli07/status/1544950134160510976,0,1,0,,1244525884775653380,TheEagle_BEN,,7317,104,44834,26649,@TheEagle_BEN @DivHumas_Polri Kau sudah cabuli berapa ekor ayam ben,1,0,0,1,0,0,0
158,1544923373930565632,2022-07-07 05:56:50+00:00,https://twitter.com/CatatanAli07/status/1544923373930565632,5,0,1,,,,,,,,,#PolriTakutAbuJanda https://t.co/wfS249bdHn,1,0,0,1,0,0,0
200,1543882582164533248,2022-07-04 09:01:06+00:00,https://twitter.com/CatatanAli07/status/1543882582164533248,0,1,0,,1244525884775653380,TheEagle_BEN,,7317,104,44834,26649,@TheEagle_BEN @geloraco Ko vaksinlah bodoh nanti mati ko,0,0,1,1,0,0,0
207,1543877626980626432,2022-07-04 08:41:24+00:00,https://twitter.com/CatatanAli07/status/1543877626980626432,0,1,0,,1244525884775653380,TheEagle_BEN,,7317,104,44834,26649,@TheEagle_BEN Terus ko yg mana bodoh,0,0,1,1,0,0,0
221,1543209665432981504,2022-07-02 12:27:10+00:00,https://twitter.com/CatatanAli07/status/1543209665432981504,0,1,0,,1244525884775653380,TheEagle_BEN,,7317,104,44834,26649,@TheEagle_BEN Diam ko bodoh,0,0,1,1,0,0,0
233,1542325015932153856,2022-06-30 01:51:53+00:00,https://twitter.com/CatatanAli07/status/1542325015932153856,0,1,0,,1158020890895929344,febbyhhhh,Indonesia,61,173,523,584,"@febbyhhhh Loh gak ada urusan nya ISRAEL ITU SAMPAH dunia mengakui kebiadaban mereka 

FIFA DUKUNG LGBT
FIFA DUKUNG UKRAINA

Mereka berpolitik loh jadi tidak ada salahnya jika INDONESIA TOLAK ZIONIS  DATANG",1,0,0,1,0,0,0
302,1541320935642259458,2022-06-27 07:22:02+00:00,https://twitter.com/CatatanAli07/status/1541320935642259458,0,0,0,,1244525884775653380,TheEagle_BEN,,7317,104,44834,26649,@TheEagle_BEN @Catatan_ali7 Aku lagi malas jawab bodoh,0,0,1,1,0,0,0
305,1541054461367316480,2022-06-26 13:43:09+00:00,https://twitter.com/CatatanAli07/status/1541054461367316480,7,0,1,,1222927522033094656,idextratime,,457129,1027,35877,62391,@idextratime RONALDINHO ukur lapangan kan goblok ini kan partai hiburanğŸ˜‚,0,0,1,1,0,0,0
309,1540921930126987264,2022-06-26 04:56:31+00:00,https://twitter.com/CatatanAli07/status/1540921930126987264,9,0,9,,,,,,,,,"Yang nama nya MUHAMMAD atau MUHAMAD itu belum berarti nabi tapi Nama Muhammad Atau Muhamad itu terinspirasi dari Nama BAGINDA NABI BESAR MUHAMMAD 

Jadi Rasanya Tidak pantas tidak Elok Nama MUHAMMAD dijadikan objek satir objek olok olokan dll

INGIN BERBEDA BOLEH BODOH JANGAN!!!! https://t.co/bzMytlicyY",1,0,0,1,0,0,0
310,1540921007199834113,2022-06-26 04:52:51+00:00,https://twitter.com/CatatanAli07/status/1540921007199834113,30,3,6,,,,,,,,,"Yang nama nya MUHAMMAD MUHAMAD itu belum berarti nabi tapi Nama Muhammad Atau Muhammad itu terinspirasi dari Nama BAGINDA NABI BESAR MUHAMMAD 

Jadi Rasanya Tidak pantas tidak Elok Nama MUHAMMAD dijadikan objek satir objel olok olokan dll

INGIN BERBEDA BOLEH BODOH JANGAN",1,0,0,1,0,0,0
368,1539522990320144385,2022-06-22 08:17:38+00:00,https://twitter.com/CatatanAli07/status/1539522990320144385,1,1,0,,1315936691467632640,soekaca55,,186,567,13806,4238,@soekaca55 @nyonyahsyuper Wong pekokğŸ˜‚,0,0,1,1,0,0,0
376,1539287369873969153,2022-06-21 16:41:22+00:00,https://twitter.com/CatatanAli07/status/1539287369873969153,0,1,0,,1244525884775653380,TheEagle_BEN,,7317,104,44834,26649,@TheEagle_BEN @geloraco Alternatif bodoh,0,0,1,1,0,0,0
466,1537359682334994432,2022-06-16 09:01:25+00:00,https://twitter.com/CatatanAli07/status/1537359682334994432,0,1,0,,1031514793000099846,BarBaro5_,"Cina, Indonesia",4956,1270,51461,34141,@BarBaro5_ @ajengcute16__ @AgusYudhoyono Taik lo beda lagi muncung koğŸ¤£ğŸ¤£,0,0,1,1,0,0,0
506,1536632764421656576,2022-06-14 08:52:54+00:00,https://twitter.com/CatatanAli07/status/1536632764421656576,1,0,0,,2383444603,AlifAlhusein,,22,165,101,1347,@AlifAlhusein @Boruhutapea_18 @akunkelima212 Berisik kali ko bodat Bopak bapak aja ko dari tadi gak ada narasi lain kutempeleng juga ko nanti,0,0,1,1,0,0,0
600,1535285116431310848,2022-06-10 15:37:50+00:00,https://twitter.com/CatatanAli07/status/1535285116431310848,0,1,0,,1244525884775653380,TheEagle_BEN,,7317,104,44834,26649,@TheEagle_BEN @yo2thok Aku bertanya itu apa bodoh,0,0,1,1,0,0,0
605,1535261055688929280,2022-06-10 14:02:14+00:00,https://twitter.com/CatatanAli07/status/1535261055688929280,3,1,0,,990407127880495104,HakimPanglima,"Semarang Tengah, Indonesia",3037,5004,12186,2667,@HakimPanglima @friscadilla_17 GOBLOK lu njing,0,0,1,1,0,0,0
666,1532381717218344960,2022-06-02 15:20:46+00:00,https://twitter.com/CatatanAli07/status/1532381717218344960,0,1,0,,1244525884775653380,TheEagle_BEN,,7317,104,44834,26649,@TheEagle_BEN @OposisiCerdas Tidorlah bodoh,0,0,1,1,0,0,0
676,1531642243265593349,2022-05-31 14:22:21+00:00,https://twitter.com/CatatanAli07/status/1531642243265593349,0,1,0,,1244525884775653380,TheEagle_BEN,,7317,104,44834,26649,@TheEagle_BEN @democrazymedia BODOH,0,0,1,1,0,0,0
678,1531592623202312193,2022-05-31 11:05:11+00:00,https://twitter.com/CatatanAli07/status/1531592623202312193,0,0,0,,1244525884775653380,TheEagle_BEN,,7317,104,44834,26649,@TheEagle_BEN @yo2thok Taik ko ben kutempeleng sekalia  ko  nanti,0,0,1,1,0,0,0
679,1531591165140578305,2022-05-31 10:59:24+00:00,https://twitter.com/CatatanAli07/status/1531591165140578305,0,1,0,,1244525884775653380,TheEagle_BEN,,7317,104,44834,26649,@TheEagle_BEN @yo2thok Bodoh ko kutempeleng nanti bapak itu,0,0,1,1,0,0,0
684,1531462609643327488,2022-05-31 02:28:33+00:00,https://twitter.com/CatatanAli07/status/1531462609643327488,7,1,3,,,,,,,,,"SOMBONG AMAT ğŸ˜‚ğŸ¤¦â€â™€ï¸

Bukan kader Partai tapi mau diusung kalau capres 

Ini ada Wacana lagi dari relawan gak mau pakai partai atau nyapres lewat partai

Yassalam Relawan relawan Anies kok 11 12 kek TEMAN AHOK dan PROJO kualitasnya ğŸ™„ğŸ¤¦â€â™€ï¸ https://t.co/n4sYj2583d",1,0,0,1,0,0,0
734,1529818162849804288,2022-05-26 13:34:07+00:00,https://twitter.com/CatatanAli07/status/1529818162849804288,3,0,1,,,,,,,,,"Bah ini BAKSO BERANAK masih aja ngoceh dari tadi sudahlah fokus saja ke masalah ko sama RUHUT

Jangan ko bawa bawa yang tidak ada RELEVANSI nya dengan masalah ko sama ruhut 

Kalau perlu ko BETUMBUK sama Ruhut kami dukung https://t.co/1WV6vzLa2n",1,0,0,1,0,0,0
741,1529791052860706816,2022-05-26 11:46:23+00:00,https://twitter.com/CatatanAli07/status/1529791052860706816,11,3,3,,,,,,,,,"Ko fokus saja sama RUHUT jangan melebar kemana mana kek badan ko ....

Dan coba ko jelaskan juga maksud ko RT soal LGBT maksudnya apa ? 

Ko sudah setua ini masak FUNGSI SILIT Gak paham!! https://t.co/T3TcEeG6hi",1,0,1,0,0,0,0
742,1529771331088449536,2022-05-26 10:28:01+00:00,https://twitter.com/CatatanAli07/status/1529771331088449536,32,0,0,,1271455071612502016,Boruhutapea_18,â¤ï¸Ndry,3401,2546,7333,3543,@Boruhutapea_18 @MegaPKeliduan @ruhutsitompul Sibodat udah mulai masuk angin sudah gak jelas muncungnya arahnya kemana,1,0,1,0,0,0,0
753,1529447307472957440,2022-05-25 13:00:28+00:00,https://twitter.com/CatatanAli07/status/1529447307472957440,0,0,0,,1244525884775653380,TheEagle_BEN,,7317,104,44834,26649,@TheEagle_BEN @ketololan_tolol Bodoh koğŸ™„,0,0,1,1,0,0,0
754,1529446231847870465,2022-05-25 12:56:12+00:00,https://twitter.com/CatatanAli07/status/1529446231847870465,0,1,0,,1244525884775653380,TheEagle_BEN,,7317,104,44834,26649,@TheEagle_BEN @ketololan_tolol Bodoh koğŸ™„,0,0,1,1,0,0,0
755,1529445663255465984,2022-05-25 12:53:56+00:00,https://twitter.com/CatatanAli07/status/1529445663255465984,0,1,0,,1244525884775653380,TheEagle_BEN,,7317,104,44834,26649,@TheEagle_BEN @ketololan_tolol Itu ko ben ?,0,0,1,1,0,0,0
759,1529289794546987008,2022-05-25 02:34:34+00:00,https://twitter.com/CatatanAli07/status/1529289794546987008,1,1,0,,1271455071612502016,Boruhutapea_18,â¤ï¸Ndry,3401,2546,7333,3543,@Boruhutapea_18 @psi_id @Giring_Ganesha @Dennysiregar7 Manusia manusia bodoh,0,0,1,1,0,0,0
769,1527271837255602177,2022-05-19 12:55:55+00:00,https://twitter.com/CatatanAli07/status/1527271837255602177,0,0,0,,1244525884775653380,TheEagle_BEN,,7317,104,44834,26649,@TheEagle_BEN @Syaiful14742 @democrazymedia Bodoh,0,0,1,1,0,0,0
772,1527171085695094784,2022-05-19 06:15:34+00:00,https://twitter.com/CatatanAli07/status/1527171085695094784,1,1,0,,1244525884775653380,TheEagle_BEN,,7317,104,44834,26649,@TheEagle_BEN @democrazymedia @Syaiful14742 Air raksa bodoh,0,0,1,1,0,0,0
850,1524573140076011520,2022-05-12 02:12:16+00:00,https://twitter.com/CatatanAli07/status/1524573140076011520,1,0,0,,,,,,,,,@ruhutsitompul TOLOL https://t.co/eqj85fPYAF,0,0,1,1,0,0,0
868,1524568620281769991,2022-05-12 01:54:18+00:00,https://twitter.com/CatatanAli07/status/1524568620281769991,1,2,0,,,,,,,,,AnjengğŸ˜‚ lu dibatasi gua dikunci bangsat emang si @elonmusk ğŸ¤¦â€â™€ï¸ğŸ˜‚ https://t.co/1JGxYv4j3A,0,0,1,1,0,0,0
877,1524566184536190976,2022-05-12 01:44:38+00:00,https://twitter.com/CatatanAli07/status/1524566184536190976,3,1,0,,1031514793000099846,BarBaro5_,"Cina, Indonesia",4956,1270,51461,34141,@BarBaro5_ @PanciB0zz Gara gara ngatain gay anjengğŸ˜‚,0,0,1,1,0,0,0
882,1524565602823999488,2022-05-12 01:42:19+00:00,https://twitter.com/CatatanAli07/status/1524565602823999488,0,1,0,,1377585305977454595,PanciB0zz,,31851,17293,119033,85902,@PanciB0zz @BarBaro5_ Ini di ras ya kalau kek gini ğŸ˜‚ https://t.co/GII9wLomn2,1,0,0,1,0,0,0
917,1524554221848195072,2022-05-12 00:57:05+00:00,https://twitter.com/CatatanAli07/status/1524554221848195072,2,2,2,,,,,,,,,BAKAR HIDUP HIDUP!!! https://t.co/I8Xrninfv2,1,0,0,1,0,0,0
927,1523274527945691136,2022-05-08 12:12:03+00:00,https://twitter.com/CatatanAli07/status/1523274527945691136,16,2,4,,1219055858,RadarKorupsi,"Dago, Bandung",21809,17657,133866,132910,"@RadarKorupsi @jokowi @kangdede78 MASIH SUKA NGEWE sama banci de ?

Komisaris dapat hadiah ciki aja lagu nya udah kek apaan tau

Ingat lo komisaris itu karna hasil ngebuzzer bukan karna otak lo pintar orang pintar mana mau NGEWE SAMA BANCI DE

@jokowi sampah kayak dede bisa bisa nya diangkat komisaris",0,0,1,1,0,0,0
951,1522170583802609664,2022-05-05 11:05:22+00:00,https://twitter.com/CatatanAli07/status/1522170583802609664,2,0,1,,,,,,,,,"Pengamat amatiran seperti @CoachJustinL jika masih dikasih panggung ya begini masih akan terus pamer kebodohan nya....

https://t.co/kxYzj18mJS",0,0,1,1,0,0,0
959,1520607020088721408,2022-05-01 03:32:19+00:00,https://twitter.com/CatatanAli07/status/1520607020088721408,0,1,0,,1243153558645526529,naina_TShah,"Kota Tasikmalaya, Jawa Barat",3196,874,20285,32721,@naina_TShah Mengajak untuk bodoh ğŸ˜‚,0,0,1,1,0,0,0
960,1520606570258010113,2022-05-01 03:30:32+00:00,https://twitter.com/CatatanAli07/status/1520606570258010113,15,2,7,,,,,,,,,Orang dibawah ini memanfaatkan kebodohan nya untuk membodoh bodohi orang lain ğŸ˜‚ğŸ¤£ğŸ˜‚ https://t.co/94kkFgPyrK,0,0,1,1,0,0,0
965,1520025841476173825,2022-04-29 13:02:55+00:00,https://twitter.com/CatatanAli07/status/1520025841476173825,2,0,0,,1177998153389203456,veaadeeana,in your arms,12934,5282,215775,35034,@veaadeeana @semutsemeru @nyonyahsyuper @Catatan_ali7 @AchmadAnnama Tolol benci sama siapa tapi dagangan orang dibawa bawa,0,0,1,1,0,0,0
968,1520011195994238980,2022-04-29 12:04:44+00:00,https://twitter.com/CatatanAli07/status/1520011195994238980,4,1,1,,1471839198181085184,semutsemeru,Indonesia,1566,1525,10736,13468,"@semutsemeru @nyonyahsyuper @Catatan_ali7 @AchmadAnnama GOBLOK berani nya maen blokir kalau bacot itu mikir dulu dateng dateng ngehina sana sini

SEMOGA KUE GAK BASI Lu pikir kue udah mau Basi dikasiin orang

TOLOL https://t.co/AVpoG0niL5",0,0,1,1,0,0,0
987,1517876999888699392,2022-04-23 14:44:12+00:00,https://twitter.com/CatatanAli07/status/1517876999888699392,0,0,1,,,,,,,,,@TriSuaka1 TAIK LU https://t.co/ZNZpHyAI8P,0,0,1,1,0,0,0
1031,1517326244454739968,2022-04-22 02:15:41+00:00,https://twitter.com/CatatanAli07/status/1517326244454739968,2,2,1,,,,,,,,,"Ada lagi ORANG GILA ngaku sedaerah sama gua tau pasti soal gua

tapi aneh nya gua sendiri merasa gak pernah ketemu sama sekali sama dia gak tau siapa itu orang dan dia pake akun anonim ğŸ¤£ğŸ˜‚

Goblok ğŸ˜‚",0,0,1,1,0,0,0
1184,1513376979646820353,2022-04-11 04:42:43+00:00,https://twitter.com/CatatanAli07/status/1513376979646820353,0,1,0,,1351186986,saposikompak,"Medan Maimun, Indonesia",6972,7163,69160,74898,"@saposikompak Cebong goblok
Bisanya cuma monggat manggut",,,1,1,,,
1218,1513344698873970690,2022-04-11 02:34:27+00:00,https://twitter.com/CatatanAli07/status/1513344698873970690,5,0,1,,,,,,,,,HANYA MANUSIA BODOH YANG MASIH BERANGGAPAN KONDISI INDONESIA BAIK BAIK SAJA!! https://t.co/CjNQzrtpxn,,,1,1,,,
1,1580499737479782400,2022-10-13 10:04:36+00:00,https://twitter.com/CatatanAli07/status/1580499737479782400,0,0,2,https://twitter.com/Catatan_ali7/status/1580499651949514753,,,,,,,,RT @Catatan_ali7: Kalau abis Nonton Bokep SANGE HE ğŸ™„ğŸ‘,0,0,0,1,0,0,0
2,1580482417223118848,2022-10-13 08:55:46+00:00,https://twitter.com/CatatanAli07/status/1580482417223118848,0,0,4,https://twitter.com/Catatan_ali7/status/1580482014095908866,,,,,,,,RT @Catatan_ali7: Tanah Milik DKI dari 2012 sudah tidak bayar iuran tidak punya SHM itu bukti kalau ANIES TEGAS lebih Tegas dari JOKOWI AHOâ€¦,0,0,0,1,0,0,0
5,1580442607502516226,2022-10-13 06:17:35+00:00,https://twitter.com/CatatanAli07/status/1580442607502516226,0,0,7,https://twitter.com/Catatan_ali7/status/1562803094408560644,,,,,,,,"RT @Catatan_ali7: Bikin CUITAN AGAMA silahkan tapi ya sesuaikan dengan kelakuan nya , jgn hanya sekedar untuk cari simpati dan pujian 

Setâ€¦",1,0,0,0,0,0,0
7,1580442572765290497,2022-10-13 06:17:27+00:00,https://twitter.com/CatatanAli07/status/1580442572765290497,0,0,5,https://twitter.com/Catatan_ali7/status/1573951311099219968,,,,,,,,"RT @Catatan_ali7: Semua berat GHIBAH awal dari FITNAH dan FITNAH sudah pasti GHIBAH

Orang Terbiasa GHIBAH dia tidak akan merasa kalau diaâ€¦",0,0,0,1,0,0,0
17,1580134130515587072,2022-10-12 09:51:48+00:00,https://twitter.com/CatatanAli07/status/1580134130515587072,0,0,2,https://twitter.com/Catatan_ali7/status/1580133510442278912,,,,,,,,RT @Catatan_ali7: Yank..... kamu jalan duluan ya aku masih sarungan belum sempat pake celana tadi ğŸ™„,0,0,0,0,1,0,0
18,1580134105685295105,2022-10-12 09:51:42+00:00,https://twitter.com/CatatanAli07/status/1580134105685295105,0,0,2,https://twitter.com/Catatan_ali7/status/1580133951255244800,,,,,,,,RT @Catatan_ali7: Solusi nya PRIA harus banyak Minum SUSU ğŸ™„ğŸ‘ https://t.co/KBmkN3nWWp ,0,0,0,0,1,0,0
21,1580037985042513920,2022-10-12 03:29:45+00:00,https://twitter.com/CatatanAli07/status/1580037985042513920,0,0,180,https://twitter.com/Catatan_ali7/status/1579823717865390081,,,,,,,,"RT @Catatan_ali7: Hidup jaman sekarang serba salah

MISKIN dikejar kejar BAIM WONG
KAYA dikejar kejar YUSUF MANSYUR 

ğŸ™„",1,0,0,0,0,0,0
50,1579039698219315201,2022-10-09 09:22:55+00:00,https://twitter.com/CatatanAli07/status/1579039698219315201,3,3,2,,1460922006266810368,Badmilova,Jakarta,28,101,1674,2667,"@Badmilova @Yonesman2 @andi889966 @OposisiCerdas POTONG AJA TUH KONTOL
Baru disentil fakta sedikit udah berak dicelana ğŸ¤£ğŸ˜‚ https://t.co/m9JmYenyJz",0,0,0,1,0,0,0
112,1546830182656274434,2022-07-12 12:13:48+00:00,https://twitter.com/CatatanAli07/status/1546830182656274434,0,1,0,,1244525884775653380,TheEagle_BEN,,7317,104,44834,26649,@TheEagle_BEN Bah kalau aku jadi papa mamanya bukan aku tolak tapi aku bunuh ko benğŸ˜‚ğŸ¤£,0,0,0,0,1,0,0
115,1546828477399068672,2022-07-12 12:07:02+00:00,https://twitter.com/CatatanAli07/status/1546828477399068672,0,1,0,,1244525884775653380,TheEagle_BEN,,7317,104,44834,26649,@TheEagle_BEN @tempodotco Matamu,0,0,1,0,0,0,0
123,1546806532683153408,2022-07-12 10:39:50+00:00,https://twitter.com/CatatanAli07/status/1546806532683153408,0,1,0,,1244525884775653380,TheEagle_BEN,,7317,104,44834,26649,@TheEagle_BEN Pala ko,0,0,1,0,0,0,0
126,1546421728011624449,2022-07-11 09:10:45+00:00,https://twitter.com/CatatanAli07/status/1546421728011624449,2,2,0,,421603051,Mr_cosanostra,"Highlands-Baywood Park, CA",16335,5521,103701,83173,@Mr_cosanostra @BarBaro5_ udin walaupun paok tapi merendah keren kaliğŸ˜‚ğŸ¤£,0,0,1,0,0,0,0
129,1545986332002234368,2022-07-10 04:20:39+00:00,https://twitter.com/CatatanAli07/status/1545986332002234368,0,1,0,,1016528521705881600,Stevaniehuangg,,149363,9224,76639,74536,@Stevaniehuangg Pokoknya sibuluk ğŸ˜‚,0,0,0,1,0,0,0
133,1545782163034976257,2022-07-09 14:49:21+00:00,https://twitter.com/CatatanAli07/status/1545782163034976257,2,0,0,,1031514793000099846,BarBaro5_,"Cina, Indonesia",4956,1270,51461,34141,"@BarBaro5_ Ngerih aku dimakinya lagi nanti padahal bukan pks itu ,itu golkar din",1,0,0,0,0,0,0
179,1544651494389010432,2022-07-06 11:56:29+00:00,https://twitter.com/CatatanAli07/status/1544651494389010432,0,0,0,,1271455071612502016,Boruhutapea_18,â¤ï¸Ndry,3401,2546,7333,3543,@Boruhutapea_18 @kangdede78 Itu orang masih suka jajan waria sembarangan ga ya ğŸ¤£,0,0,0,1,0,0,0
189,1544295951417806854,2022-07-05 12:23:41+00:00,https://twitter.com/CatatanAli07/status/1544295951417806854,33,9,6,,,,,,,,,"Beristri ber anak masih modus sana sini jd ingat KASUS yg pernah gua tanganin KASUS nya hampir sama cuma beda Cara mengeksekusi korban aja tapi poin sama yaitu INCAR HARTA KORBAN

ISTRI Sah dirumah masakin suami ANAK dirumah nungguin AYAH nya Eh AYAH nya lagi sama SelingkuhanğŸ¤¦â€â™€ï¸",1,0,0,0,0,0,0
198,1543901447380557825,2022-07-04 10:16:04+00:00,https://twitter.com/CatatanAli07/status/1543901447380557825,0,1,0,,1244525884775653380,TheEagle_BEN,,7317,104,44834,26649,@TheEagle_BEN @geloraco Kepala ko kulubangi nanti,0,0,0,1,0,0,0
208,1543877452673744897,2022-07-04 08:40:43+00:00,https://twitter.com/CatatanAli07/status/1543877452673744897,1,0,0,,1355632532,DrEvaChaniago,Jakarta Capital Region,70158,15254,184349,69545,"@DrEvaChaniago @Boruhutapea_18 @emzearfn @emzearfn kalau baperan jangan maen twitter pak maen becekan aja sama bebek ğŸ˜‚

Bikin cuitan dikomentari maen blok ğŸ˜‚",0,0,0,1,0,0,0
209,1543877109021839361,2022-07-04 08:39:21+00:00,https://twitter.com/CatatanAli07/status/1543877109021839361,5,3,0,,,,,,,,,Ini ko @TheEagle_BEN ? Jan lah ko rusuh dijogja kutempeleng juga ko nanti https://t.co/ShiQ822jRk,1,0,0,0,0,0,0
234,1542163892113027077,2022-06-29 15:11:38+00:00,https://twitter.com/CatatanAli07/status/1542163892113027077,2,0,3,,,,,,,,,"BIKIN MALU LO @persikfckediri GA BISA BEDAIN FUN FOOTBALL SAMA LAGA RESMI...

KEK PALING BAGUS AJA MAIN NYA!!!!! https://t.co/4d6RpQ4kjh",1,0,0,0,0,0,0
241,1542003353546215426,2022-06-29 04:33:43+00:00,https://twitter.com/CatatanAli07/status/1542003353546215426,0,0,1,,,,,,,,,"CUITAN ROHANI
KELAKUAN ROHALUS https://t.co/MVHcSm9Xwx",1,0,0,0,0,0,0
311,1540735254238879745,2022-06-25 16:34:44+00:00,https://twitter.com/CatatanAli07/status/1540735254238879745,1,0,1,,,,,,,,,KADRUN https://t.co/INUw0qeQsJ,0,0,1,0,0,0,0
314,1540686379289432064,2022-06-25 13:20:32+00:00,https://twitter.com/CatatanAli07/status/1540686379289432064,2,0,4,,,,,,,,,Mirip ramalan Gua saat Pilihan walikota solo waktu itu ğŸ˜‚ https://t.co/AoVjELvJKI https://t.co/MCGXBJKMlZ,1,0,0,0,0,0,0
345,1539846133086027776,2022-06-23 05:41:41+00:00,https://twitter.com/CatatanAli07/status/1539846133086027776,0,0,0,,,,,,,,,"Pdip
Mega Vs Jokowi

Pkb
Imin vs Yenny

Jangan dipisahin antepin aja ğŸ¤£ğŸ˜‚",1,0,0,0,0,0,0
347,1539825424976719872,2022-06-23 04:19:24+00:00,https://twitter.com/CatatanAli07/status/1539825424976719872,2,1,2,,,,,,,,,GUSDURIAN yakin masih mau pilih ini orang jika NYAPRES nanti ??? https://t.co/LQ6vXmpxWV,1,0,0,0,0,0,0
360,1539567826863681537,2022-06-22 11:15:48+00:00,https://twitter.com/CatatanAli07/status/1539567826863681537,0,1,0,,1244525884775653380,TheEagle_BEN,,7317,104,44834,26649,@TheEagle_BEN @Catatan_ali7 @AlyaFziyah Pala ko kutelan,0,0,0,1,0,0,0
361,1539558254891524096,2022-06-22 10:37:46+00:00,https://twitter.com/CatatanAli07/status/1539558254891524096,0,1,0,,1244525884775653380,TheEagle_BEN,,7317,104,44834,26649,@TheEagle_BEN Kutempeleng ko nanti,0,0,0,1,0,0,0
362,1539557831359139840,2022-06-22 10:36:05+00:00,https://twitter.com/CatatanAli07/status/1539557831359139840,0,1,0,,1244525884775653380,TheEagle_BEN,,7317,104,44834,26649,@TheEagle_BEN Betumbuk lah kita,0,0,0,1,0,0,0
363,1539557353183318016,2022-06-22 10:34:11+00:00,https://twitter.com/CatatanAli07/status/1539557353183318016,0,1,0,,1244525884775653380,TheEagle_BEN,,7317,104,44834,26649,@TheEagle_BEN Pala ko sedekah,0,0,0,1,0,0,0
365,1539555709494235137,2022-06-22 10:27:39+00:00,https://twitter.com/CatatanAli07/status/1539555709494235137,1,1,0,,1244525884775653380,TheEagle_BEN,,7317,104,44834,26649,@TheEagle_BEN Kepala ko,0,0,0,1,0,0,0
366,1539528310694477825,2022-06-22 08:38:46+00:00,https://twitter.com/CatatanAli07/status/1539528310694477825,0,1,0,,1315936691467632640,soekaca55,,186,567,13806,4238,@soekaca55 @nyonyahsyuper Taek,0,0,1,0,0,0,0
371,1539521124177805312,2022-06-22 08:10:13+00:00,https://twitter.com/CatatanAli07/status/1539521124177805312,0,0,0,,1223962489,GSXRR750,,6157,282,1046,11777,"@GSXRR750 @idextratime @ManTheDark3 Yang dibahas apa yang dijawab apa keliatan sekali kualitas Otak anda....

Benci boleh tapi GOBLOK jangan .... kalau bahas pemain Pemain Flop  lain perasaan banyakan CHELSEA

HIGUAIN TORRES APA KABAR ? ğŸ˜‚",0,0,0,1,0,0,0
383,1539283395422785537,2022-06-21 16:25:34+00:00,https://twitter.com/CatatanAli07/status/1539283395422785537,0,1,0,,1244525884775653380,TheEagle_BEN,,7317,104,44834,26649,@TheEagle_BEN @geloraco Kutempeleng ko nanti,0,0,0,1,0,0,0
384,1539282201476378624,2022-06-21 16:20:49+00:00,https://twitter.com/CatatanAli07/status/1539282201476378624,0,1,0,,1244525884775653380,TheEagle_BEN,,7317,104,44834,26649,@TheEagle_BEN @geloraco Ayolah betumbuk kita,0,0,0,1,0,0,0
385,1539281661275164672,2022-06-21 16:18:41+00:00,https://twitter.com/CatatanAli07/status/1539281661275164672,0,1,0,,1244525884775653380,TheEagle_BEN,,7317,104,44834,26649,@TheEagle_BEN @geloraco Ayolah betumbuk kita,0,0,0,1,0,0,0
386,1539281040509837312,2022-06-21 16:16:13+00:00,https://twitter.com/CatatanAli07/status/1539281040509837312,0,1,0,,1244525884775653380,TheEagle_BEN,,7317,104,44834,26649,@TheEagle_BEN @geloraco Takut ko rupanya,0,0,0,1,0,0,0
387,1539280372592103425,2022-06-21 16:13:33+00:00,https://twitter.com/CatatanAli07/status/1539280372592103425,0,1,0,,1244525884775653380,TheEagle_BEN,,7317,104,44834,26649,@TheEagle_BEN @geloraco Suruh kawan ko maju sekalian,0,0,0,1,0,0,0
389,1539278968137785347,2022-06-21 16:07:59+00:00,https://twitter.com/CatatanAli07/status/1539278968137785347,0,1,0,,1244525884775653380,TheEagle_BEN,,7317,104,44834,26649,@TheEagle_BEN @geloraco Betumbuklah kita,0,0,0,1,0,0,0
396,1539248452630106114,2022-06-21 14:06:43+00:00,https://twitter.com/CatatanAli07/status/1539248452630106114,0,0,0,,1244525884775653380,TheEagle_BEN,,7317,104,44834,26649,@TheEagle_BEN @eigeradventure Pala ko kutempeleng nanti,0,0,0,1,0,0,0
413,1539119162429153280,2022-06-21 05:32:58+00:00,https://twitter.com/CatatanAli07/status/1539119162429153280,0,1,0,,1244525884775653380,TheEagle_BEN,,7317,104,44834,26649,@TheEagle_BEN @geloraco Pala ko kutipiskan nanti,0,0,0,1,0,0,0
414,1539118922527555584,2022-06-21 05:32:01+00:00,https://twitter.com/CatatanAli07/status/1539118922527555584,0,1,0,,1244525884775653380,TheEagle_BEN,,7317,104,44834,26649,@TheEagle_BEN @geloraco Nuduh kepala ko,0,0,0,1,0,0,0
460,1537449369003528193,2022-06-16 14:57:48+00:00,https://twitter.com/CatatanAli07/status/1537449369003528193,0,1,0,,1244525884775653380,TheEagle_BEN,,7317,104,44834,26649,@TheEagle_BEN @geloraco Kutombak muncung ko nanti,0,0,0,1,0,0,0
468,1537358775622901760,2022-06-16 08:57:49+00:00,https://twitter.com/CatatanAli07/status/1537358775622901760,0,1,0,,1258626853541052421,ajengcute16__,Dihati mu ğŸ’™,5850,2397,31891,40719,"@ajengcute16__ @BarBaro5_ Itu lain hal yg dimaksud manfaat poling itu apa jika tidak jd apa apa

Kalau belum berkuasa semua pasti bicara soal korupsi tidak korupsi dll so gua ga mau bahas itu 

Yg gua bahas hasil poling untuk apa",1,0,0,0,0,0,0
477,1537120079065673729,2022-06-15 17:09:19+00:00,https://twitter.com/CatatanAli07/status/1537120079065673729,4,0,1,,,,,,,,,Sama Lonte Negara kek gak ada harga diri nya ğŸ¤£ğŸ˜‚,0,0,0,0,1,0,0
486,1537035282289029121,2022-06-15 11:32:22+00:00,https://twitter.com/CatatanAli07/status/1537035282289029121,330,10,109,,,,,,,,,"Sejak kapan juga SESAJEN punya Agama ? 

Kok ditendang dibuang pada ngamuk ğŸ¤” https://t.co/9p55GJssYq",1,0,0,0,0,0,0
512,1536375776525766657,2022-06-13 15:51:44+00:00,https://twitter.com/CatatanAli07/status/1536375776525766657,1,0,0,,,,,,,,,GOBLOKğŸ¤¦â€â™€ï¸ https://t.co/wlpTpE3NVf,0,0,0,1,0,0,0
520,1535994254236848128,2022-06-12 14:35:42+00:00,https://twitter.com/CatatanAli07/status/1535994254236848128,0,0,0,,1244525884775653380,TheEagle_BEN,,7317,104,44834,26649,@TheEagle_BEN @yo2thok Kan ko tanya bodoh,0,0,0,1,0,0,0
522,1535991159838736385,2022-06-12 14:23:24+00:00,https://twitter.com/CatatanAli07/status/1535991159838736385,1,1,0,,1244525884775653380,TheEagle_BEN,,7317,104,44834,26649,@TheEagle_BEN @yo2thok Aku kan sudah dewasa bodoh,0,0,0,1,0,0,0
597,1535285733056950273,2022-06-10 15:40:17+00:00,https://twitter.com/CatatanAli07/status/1535285733056950273,1,1,0,,1529688944350154752,Dh4n1eL33,"South Borneo, Indonesia",764,760,35162,22976,@Dh4n1eL33 @UnitedStandMUFC Iya juga ya ğŸ˜‚ğŸ¤£,0,0,0,1,0,0,0
637,1535161135107780610,2022-06-10 07:25:11+00:00,https://twitter.com/CatatanAli07/status/1535161135107780610,0,1,0,,990407127880495104,HakimPanglima,"Semarang Tengah, Indonesia",3037,5004,12186,2667,@HakimPanglima @friscadilla_17 Berisik lu njing,0,0,0,1,0,0,0
642,1534910986565480449,2022-06-09 14:51:11+00:00,https://twitter.com/CatatanAli07/status/1534910986565480449,1,0,0,,1472556432679604225,xlinee_id,tibet,3767,3318,2428,7405,@xlinee_id Eek,0,0,1,0,0,0,0
661,1532525396297940993,2022-06-03 00:51:42+00:00,https://twitter.com/CatatanAli07/status/1532525396297940993,4,0,2,,,,,,,,,"Jaka sembung bawa Golok
Gak nyambung GOBLOK https://t.co/ZOeq0OO8Oz",0,0,0,1,0,0,0
662,1532384207938260994,2022-06-02 15:30:40+00:00,https://twitter.com/CatatanAli07/status/1532384207938260994,0,1,0,,1244525884775653380,TheEagle_BEN,,7317,104,44834,26649,@TheEagle_BEN @OposisiCerdas Muka ko kek setan,0,0,0,1,0,0,0
663,1532383864991399938,2022-06-02 15:29:18+00:00,https://twitter.com/CatatanAli07/status/1532383864991399938,0,1,0,,1244525884775653380,TheEagle_BEN,,7317,104,44834,26649,@TheEagle_BEN @OposisiCerdas Taik ko,0,0,1,0,0,0,0
664,1532383559331500032,2022-06-02 15:28:05+00:00,https://twitter.com/CatatanAli07/status/1532383559331500032,0,1,0,,1244525884775653380,TheEagle_BEN,,7317,104,44834,26649,@TheEagle_BEN @OposisiCerdas Kepala ko kupecah pecah nanti,0,0,0,1,0,0,0
671,1532270192360706048,2022-06-02 07:57:36+00:00,https://twitter.com/CatatanAli07/status/1532270192360706048,8,2,2,,1147333944150384640,laode_kowu,"Kota Makassar, Sulawesi Selata",35,65,228,3478,@laode_kowu @Gojekmilitan Mas mau beli pusaka saya gak bisa ngilangin gobloknya ğŸ™„ https://t.co/c34JjqhwBA,0,0,0,1,0,0,0
732,1529820850685218816,2022-05-26 13:44:48+00:00,https://twitter.com/CatatanAli07/status/1529820850685218816,4,0,0,,219244515,ruhutsitompul,Jakarta,2339132,194850,3601,22640,"@ruhutsitompul @friscadilla_17 @MegaPKeliduan Ko berak lah dulu hut yang banyak 
Dipenjara mau berak antri nanti ğŸ˜‚ğŸ¤£ğŸ˜‚",0,0,0,0,0,0,1
739,1529801964438990848,2022-05-26 12:29:45+00:00,https://twitter.com/CatatanAli07/status/1529801964438990848,14,0,6,,,,,,,,,"Habis Pigai terbitlah Mega masuk angin semua ternyata dan ujung ujung nya hanya PANSOS dan selain PANSOS terselip juga CAMPAIGN LGBT

Jangan pakai lama ABAIKAN ( RAS BLOKIR UNFOL ) Orang macam ini 

Sudah tidak ada manfaat nya juga kita ikutin !! https://t.co/URTTEzxcXK",1,0,0,0,0,0,0
740,1529796048314503169,2022-05-26 12:06:14+00:00,https://twitter.com/CatatanAli07/status/1529796048314503169,7,0,4,,,,,,,,,"Ketum ko bahas BHINEKA TUNGGA IKA tapi dia dukung LGBT

Berarti dia tidak tau arti BHINEKA TUNGGA IKA itu apa ? 

BHINEKA TUNGGA IKA itu intinya membahas soal PERBEDAAN

LGBT itu bukan perbedaan Tp Persamaan yg coba dijadikan 1

Jadi LGBT itu bukan bagian dari BHINEKA TUNGGA IKA https://t.co/kcWf2UrnK8",1,0,0,0,0,0,0
744,1529769848892698624,2022-05-26 10:22:08+00:00,https://twitter.com/CatatanAli07/status/1529769848892698624,0,1,0,,1271455071612502016,Boruhutapea_18,â¤ï¸Ndry,3401,2546,7333,3543,@Boruhutapea_18 @z4r4n @MegaPKeliduan @ruhutsitompul Gak beda jauh sama natalius pigai masuk anjing eh angin ditengah jalan,0,0,1,0,0,0,0
747,1529768383885250561,2022-05-26 10:16:19+00:00,https://twitter.com/CatatanAli07/status/1529768383885250561,10,0,4,,,,,,,,,"Bawa bawa PKS lagi ko Paok ğŸ¤¦â€â™€ï¸ 
Ko sebenernya mau PENJARAIN RUHUT atau mau KAMPANYE LGBT ??? https://t.co/amk6gbbNzn",0,0,0,0,0,0,1
750,1529706499819261953,2022-05-26 06:10:24+00:00,https://twitter.com/CatatanAli07/status/1529706499819261953,1,1,1,,421603051,Mr_cosanostra,"Highlands-Baywood Park, CA",16335,5521,103701,83173,@Mr_cosanostra @MegaPKeliduan Goblok kanğŸ¤£ğŸ˜‚,0,0,0,1,0,0,0
751,1529704311986397184,2022-05-26 06:01:43+00:00,https://twitter.com/CatatanAli07/status/1529704311986397184,2,1,0,,421603051,Mr_cosanostra,"Highlands-Baywood Park, CA",16335,5521,103701,83173,@Mr_cosanostra @MegaPKeliduan Fungsi burit aja gak tau mau sok sokan lawan ruhutğŸ¤£ğŸ˜‚,1,0,0,0,0,0,0
752,1529696541182570496,2022-05-26 05:30:50+00:00,https://twitter.com/CatatanAli07/status/1529696541182570496,7,1,2,,,,,,,,,"Takut rupanya @MegaPKeliduan sama ruhut pandai bernarasi saja tapi tidak ada bukti

Malah dapat bukti pula dia dukung LGBT dgn mengaminkan cuitan si alvin.... https://t.co/IYLAaFyQ0U",1,0,0,0,0,0,0
765,1527818147738226689,2022-05-21 01:06:46+00:00,https://twitter.com/CatatanAli07/status/1527818147738226689,1,1,0,,,,,,,,,"UDAH JELEK , KELAKUAN NYA JELEK PULA https://t.co/nsmRQ8RiIJ",0,0,0,1,0,0,0
773,1527170813614772224,2022-05-19 06:14:30+00:00,https://twitter.com/CatatanAli07/status/1527170813614772224,1,1,0,,1244525884775653380,TheEagle_BEN,,7317,104,44834,26649,@TheEagle_BEN @democrazymedia @Syaiful14742 Kutembak pala ko nanti,0,0,0,1,0,0,0
774,1527170347539533824,2022-05-19 06:12:38+00:00,https://twitter.com/CatatanAli07/status/1527170347539533824,1,1,0,,1244525884775653380,TheEagle_BEN,,7317,104,44834,26649,@TheEagle_BEN @democrazymedia @Syaiful14742 Kutempeleng ko nanti,0,0,0,1,0,0,0
775,1527170121357471744,2022-05-19 06:11:45+00:00,https://twitter.com/CatatanAli07/status/1527170121357471744,1,1,0,,1244525884775653380,TheEagle_BEN,,7317,104,44834,26649,@TheEagle_BEN @democrazymedia @Syaiful14742 Pala ko siluman,0,0,0,1,0,0,0
780,1527167012715147264,2022-05-19 05:59:23+00:00,https://twitter.com/CatatanAli07/status/1527167012715147264,28,5,15,,,,,,,,,"DUIIT 70 JUTA NYA MASIH MAN ?

Jakarta - Majelis hakim menyatakan mantan Menteri Agama (Menag) Lukman Hakim Saifuddin menerima uang Rp 70 juta terkait pengisian jabatan Kepala Kantor Wilayah Kementerian Agama Jawa Timur (Kanwil Kemenag Jatim) https://t.co/INpkj7ycOb https://t.co/jPInx7rFeD",1,0,0,0,0,0,0
821,1524630342732480513,2022-05-12 05:59:34+00:00,https://twitter.com/CatatanAli07/status/1524630342732480513,0,0,0,,1244525884775653380,TheEagle_BEN,,7317,104,44834,26649,@TheEagle_BEN @geloraco Monyet dong,0,0,1,0,0,0,0
878,1524565934966702080,2022-05-12 01:43:38+00:00,https://twitter.com/CatatanAli07/status/1524565934966702080,1,1,0,,1031514793000099846,BarBaro5_,"Cina, Indonesia",4956,1270,51461,34141,@BarBaro5_ Kagak bisa dibuka ini pake cadangan ğŸ˜‚ taik emang,0,0,0,1,0,0,0
889,1524563265753608192,2022-05-12 01:33:02+00:00,https://twitter.com/CatatanAli07/status/1524563265753608192,1,2,0,,486650220,Gank_Of_Petojo,"Laren, Netherlands",17226,8083,143835,177151,@Gank_Of_Petojo @kangaudio Babu terusğŸ˜‚ğŸ¤£,0,0,1,0,0,0,0
920,1524275141500633089,2022-05-11 06:28:08+00:00,https://twitter.com/CatatanAli07/status/1524275141500633089,0,1,2,,,,,,,,,"ADMIN GUOBLOK gua fans MU malu min sama lu 

Kapasitas Stadion City itu berapa kapasitas Stadion MU itu berapa ?

City segitu udah 90% MU baru 80%an  gak gitu juga lah min dukung MU boleh GOBLOK JANGAN https://t.co/TvjvaLdrPN",0,0,0,1,0,0,0
921,1524218973025615873,2022-05-11 02:44:56+00:00,https://twitter.com/CatatanAli07/status/1524218973025615873,2,1,2,,,,,,,,,PECINTA LOBANG TAIK JUGA YA ???? https://t.co/MzpeDWAtv7,0,0,0,1,0,0,0
986,1517899651537829888,2022-04-23 16:14:12+00:00,https://twitter.com/CatatanAli07/status/1517899651537829888,22,7,11,,,,,,,,,"TAU DARI MANA YANG DEMO GAK PUASA ? 

NARASI MU UNTUK AHY DAN ANIES MAKSUDNYA APA ? GURU ITU DIGUGU DAN DITIRU

KALAU GURU SEPERTI ANDA SUKA SEREMPET RASIS DAN FASIS MAU JADI APA DUNIA PENDIDIKAN KITA.

CC @PBPGRI_OFFICIAL @Itjen_Kemdikbud @pusdatin_dikbud https://t.co/GhS85oCx4N https://t.co/VyXlpc4hkr",1,0,0,0,0,0,0
998,1517483004016611328,2022-04-22 12:38:36+00:00,https://twitter.com/CatatanAli07/status/1517483004016611328,44,10,10,,,,,,,,,Tadi nantangin KADRUN lah kok udah EJAKULASI DINI Lemah lu jib @GusNadjb ğŸ¤£ğŸ˜‚ğŸ¤£ğŸ˜‚ https://t.co/bQoAnCxQpY,0,0,1,0,0,0,0
1121,1517032162197118976,2022-04-21 06:47:07+00:00,https://twitter.com/CatatanAli07/status/1517032162197118976,7,1,3,,,,,,,,,"Yang gua blokir ada CEBONG lah CEBONG itu kan TOXIC DAN SAMPAH kan  semua udah tau ğŸ˜‚ 

Kalian dari OPOSISI juga pasti ada dan banyak yang BLOKIRIN CEBONG ğŸ˜‚

Kok pada ngamuk ngatain gua ini itu ampun dah udah pada gua blokirin masih aja pada JULID ğŸ˜«ğŸ˜« https://t.co/QQfUx7qjNE",0,0,1,0,0,0,0
1128,1515238974163685377,2022-04-16 08:01:37+00:00,https://twitter.com/CatatanAli07/status/1515238974163685377,0,0,0,,,,,,,,,"Sama LUCINTA LUNA baru mau si @Dennysiregar7 

ğŸ˜‚ğŸ¤£

Makanya den jang sok sokan kemana mana masih pake penutu0 wajah rapat aja sok sokan nantang Gelud diring ğŸ¤£ğŸ˜‚

Ditanggapi disanggupi Beneran Kicep kan lu ciut kan lu mengkerut kan Tytyd dan ring jantung luğŸ˜‚ https://t.co/fXdSU6dWW6",,,,1,,,
1133,1514430040322482176,2022-04-14 02:27:13+00:00,https://twitter.com/CatatanAli07/status/1514430040322482176,5,0,0,,1513485625667641345,Budiono55380129,,1218,1448,10821,4831,@Budiono55380129 Jelek rupa jelek pula kelakuan bisa jadi abis ngomong gini lu yang mampus hei tua bangka,,,,1,,,
1136,1514283408910065664,2022-04-13 16:44:33+00:00,https://twitter.com/CatatanAli07/status/1514283408910065664,1,1,0,,1215611682363338752,Bob_EtEk3weR,â¤ï¸ AuliAndry,14533,10199,59225,62511,@Bob_eT3k3WeR @Catatan_ali7 @PutraErlangga95 Taeeekk,,,1,,,,
1150,1513644304237199364,2022-04-11 22:24:58+00:00,https://twitter.com/CatatanAli07/status/1513644304237199364,869,43,215,,,,,,,,,"PARA KETUA PARTAI yg dukung 3 periode itu Beralasan kalau 3 periode  itu aspirasi dari Rakyat 

Seharusnya Kalau KETUA PARTAI ITU WARAS jika ada rakyat yg sampaikan itu langsung ditentang apalagi mereka paham undang undang kasih pengertian BAHWA 3 PERIODE itu melanggar konstitusi",,,1,,,,
1151,1513618363754631171,2022-04-11 20:41:54+00:00,https://twitter.com/CatatanAli07/status/1513618363754631171,531,16,124,,,,,,,,,"BACOT 

DIMANA MUNCUNG LO SAAT ADA 6 MANUSIA DIBANTAI DI KM 50 OLEH APARAT KEPOLISIAN ??

JIKA BICARA KEMANUSIAAN HARUS FAIR KARNA SEMUA MANUSIA...

ADE ARMANDO MATI ? KAGAK CACAT ? KAGAK 

TAPI 6 ORANG DI KM 50 MATI MENGENASKAN DIBANTAI APARAT KEPOLISIAN 

DAN LO DIAM... https://t.co/noW5Y2Cods",,,,1,,,
1157,1513484548549787650,2022-04-11 11:50:10+00:00,https://twitter.com/CatatanAli07/status/1513484548549787650,0,0,0,,1243153558645526529,naina_TShah,"Kota Tasikmalaya, Jawa Barat",3196,874,20285,32721,@naina_TShah @Dennysiregar7 Dm udah mention udah gak ditanggapin sama itu anjing ğŸ¤£ğŸ˜‚,,,1,,,,
1159,1513479880931160064,2022-04-11 11:31:37+00:00,https://twitter.com/CatatanAli07/status/1513479880931160064,84,14,17,,,,,,,,,"Muda doang NYALI kalah sama ADE ARMANDO 

Payah lo Peler... https://t.co/j0MfZsc1lj",,,,1,,,
1179,1513389082495557632,2022-04-11 05:30:49+00:00,https://twitter.com/CatatanAli07/status/1513389082495557632,11,2,2,,,,,,,,,"Yang kemarin juga dihajar cebong karna provokasi gua yakin gak Pada Turun dirumah dekem maenan hape sambil Memprovokasi

Dan mereka juga sebenerny gak layak turun KARNA MASIH  PUJA PUJI TOKOH TANPA BERANI MENGKRITISI

LAWAN!!! https://t.co/4Dh8qPNWzQ",,,1,,,,
1187,1513374464251428864,2022-04-11 04:32:44+00:00,https://twitter.com/CatatanAli07/status/1513374464251428864,81,5,50,,,,,,,,,"TODAY, 

Thousands of people take part in a demonstration in Jakarta for justice and demand the president resign

@BBCWorld
@Reuters
@cnnbrk
@tv3malaysia
@KKMPutrajaya
@POTUS

#lengserkanjokowi https://t.co/XO0jlzq0uf",,,,,,,1
1227,1513338234792976389,2022-04-11 02:08:46+00:00,https://twitter.com/CatatanAli07/status/1513338234792976389,1,0,1,,201554665,henrysubiakto,"Kota Surabaya, Jawa Timur",75399,239,7251,22509,"@henrysubiakto Justru Demo itu adalah bagian dari implementasi  DEMOKRASI 

Kok bisa bisa nya Yang dorong demo disebut tidak dewasa Hadeh sekolah lagi sanah ğŸ¤£ğŸ˜‚

Sekelas PROFESOR bikin statemen kek bocah PAUD ğŸ˜‚

#MahasiswaBergerak 
#MahasiswaBergerak",,,,1,,,
1228,1513338119067947011,2022-04-11 02:08:18+00:00,https://twitter.com/CatatanAli07/status/1513338119067947011,126,8,30,,,,,,,,,"Justru Demo itu adalah bagian dari implementasi  DEMOKRASI 

Kok bisa bisa nya Yang dorong demo disebut tidak dewasa Hadeh sekolah lagi sanah ğŸ¤£ğŸ˜‚

Sekelas PROFESOR bikin statemen kek bocah PAUD ğŸ˜‚

#MahasiswaBergerak 
#MahasiswaBergerak https://t.co/SAnOKhRhtq",,,,1,,,
1288,1510510494121345025,2022-04-03 06:52:20+00:00,https://twitter.com/CatatanAli07/status/1510510494121345025,3,0,0,,,,,,,,,"AMERIKA Tidak Ada PKI
Jadi Mereka bebas beribadah dimana pun mereka mau...

Beda dengan INDONESIA baru ada yang NGAJI BERJAMAAH dijalan udah panas udah kelojotan ANJING ANJING PKI Mulai bermunculan ğŸ™ˆ https://t.co/AEfC0fZHNn",,1,,,,,
1300,1503376536606748679,2022-03-14 14:24:32+00:00,https://twitter.com/CatatanAli07/status/1503376536606748679,24,6,14,,,,,,,,,"Wapres Ulama 
Menag Anak Kyai

Tapi pada bungkam lihat #RitualSesatIKN naudzubillah Summa Naudzubillah mindzalik

#RitualSesatIKN bisa jadi sumber bencana karna ALLAH SWT tidak mengampuni Dosa Sirik dan Musrik https://t.co/xghwDC2Atl",1,,,,,,